{
"__comment":"Made by Know2Good, part of the 'Default 3D' resource pack || Official download page: http://www.planetminecraft.com/texture_pack/default-3d-2985741/ || © Know2Good. All rights reserved. ",
    "variants": {
        "facing=east,half=bottom,shape=straight": [  
			{ "model": "brick_stairs_n" },
			{ "model": "brick_stairs_n_alt1" }
		],
        "facing=south,half=bottom,shape=straight": [  
			{ "model": "brick_stairs_e" },
			{ "model": "brick_stairs_e_alt1" }
		],
        "facing=west,half=bottom,shape=straight": [  
			{ "model": "brick_stairs_s" },
			{ "model": "brick_stairs_s_alt1" }
		],
        "facing=north,half=bottom,shape=straight": [  
			{ "model": "brick_stairs_w" },
			{ "model": "brick_stairs_w_alt1" }
		],
        "facing=east,half=bottom,shape=outer_right": [  
			{ "model": "brick_outer_stairs_n" },
			{ "model": "brick_outer_stairs_n_alt1" }
		],
        "facing=south,half=bottom,shape=outer_right": [  
			{ "model": "brick_outer_stairs_e" },
			{ "model": "brick_outer_stairs_e_alt1" }
		],
        "facing=west,half=bottom,shape=outer_right": [  
			{ "model": "brick_outer_stairs_s" },
			{ "model": "brick_outer_stairs_s_alt1" }
		],
        "facing=north,half=bottom,shape=outer_right": [  
			{ "model": "brick_outer_stairs_w" },
			{ "model": "brick_outer_stairs_w_alt1" }
		],
        "facing=east,half=bottom,shape=outer_left": [  
			{ "model": "brick_outer_stairs_w" },
			{ "model": "brick_outer_stairs_w_alt1" }
		],
        "facing=south,half=bottom,shape=outer_left": [  
			{ "model": "brick_outer_stairs_n" },
			{ "model": "brick_outer_stairs_n_alt1" }
		],
        "facing=west,half=bottom,shape=outer_left": [  
			{ "model": "brick_outer_stairs_e" },
			{ "model": "brick_outer_stairs_e_alt1" }
		],
        "facing=north,half=bottom,shape=outer_left": [  
			{ "model": "brick_outer_stairs_s" },
			{ "model": "brick_outer_stairs_s_alt1" }
		],
        "facing=east,half=bottom,shape=inner_right": [  
			{ "model": "brick_inner_stairs_s" },
			{ "model": "brick_inner_stairs_s_alt1" }
		],
        "facing=south,half=bottom,shape=inner_right": [  
			{ "model": "brick_inner_stairs_w" },
			{ "model": "brick_inner_stairs_w_alt1" }
		],
        "facing=west,half=bottom,shape=inner_right": [  
			{ "model": "brick_inner_stairs_n" },
			{ "model": "brick_inner_stairs_n_alt1" }
		],
        "facing=north,half=bottom,shape=inner_right": [  
			{ "model": "brick_inner_stairs_e" },
			{ "model": "brick_inner_stairs_e_alt1" }
		],
        "facing=east,half=bottom,shape=inner_left": [  
			{ "model": "brick_inner_stairs_e" },
			{ "model": "brick_inner_stairs_e_alt1" }
		],
        "facing=south,half=bottom,shape=inner_left": [  
			{ "model": "brick_inner_stairs_s" },
			{ "model": "brick_inner_stairs_s_alt1" }
		],
        "facing=west,half=bottom,shape=inner_left": [  
			{ "model": "brick_inner_stairs_w" },
			{ "model": "brick_inner_stairs_w_alt1" }
		],
        "facing=north,half=bottom,shape=inner_left": [  
			{ "model": "brick_inner_stairs_n" },
			{ "model": "brick_inner_stairs_n_alt1" }
		],
        "facing=east,half=top,shape=straight": [  
			{ "model": "brick_stairs_nf" },
			{ "model": "brick_stairs_nf_alt1" }
		],
        "facing=south,half=top,shape=straight": [  
			{ "model": "brick_stairs_ef" },
			{ "model": "brick_stairs_ef_alt1" }
		],
        "facing=west,half=top,shape=straight": [  
			{ "model": "brick_stairs_sf" },
			{ "model": "brick_stairs_sf_alt1" }
		],
        "facing=north,half=top,shape=straight": [  
			{ "model": "brick_stairs_wf" },
			{ "model": "brick_stairs_wf_alt1" }
		],
        "facing=east,half=top,shape=outer_right": [  
			{ "model": "brick_outer_stairs_nf" },
			{ "model": "brick_outer_stairs_nf_alt1" }
		],
        "facing=south,half=top,shape=outer_right": [  
			{ "model": "brick_outer_stairs_ef" },
			{ "model": "brick_outer_stairs_ef_alt1" }
		],
        "facing=west,half=top,shape=outer_right": [  
			{ "model": "brick_outer_stairs_sf" },
			{ "model": "brick_outer_stairs_sf_alt1" }
		],
        "facing=north,half=top,shape=outer_right": [  
			{ "model": "brick_outer_stairs_wf" },
			{ "model": "brick_outer_stairs_wf_alt1" }
		],
        "facing=east,half=top,shape=outer_left": [  
			{ "model": "brick_outer_stairs_wf" },
			{ "model": "brick_outer_stairs_wf_alt1" }
		],
        "facing=south,half=top,shape=outer_left": [  
			{ "model": "brick_outer_stairs_nf" },
			{ "model": "brick_outer_stairs_nf_alt1" }
		],
        "facing=west,half=top,shape=outer_left": [  
			{ "model": "brick_outer_stairs_ef" },
			{ "model": "brick_outer_stairs_ef_alt1" }
		],
        "facing=north,half=top,shape=outer_left": [  
			{ "model": "brick_outer_stairs_sf" },
			{ "model": "brick_outer_stairs_sf_alt1" }
		],
        "facing=east,half=top,shape=inner_right": [  
			{ "model": "brick_inner_stairs_ef" },
			{ "model": "brick_inner_stairs_ef_alt1" }
		],
        "facing=south,half=top,shape=inner_right": [  
			{ "model": "brick_inner_stairs_sf" },
			{ "model": "brick_inner_stairs_sf_alt1" }
		],
        "facing=west,half=top,shape=inner_right": [  
			{ "model": "brick_inner_stairs_wf" },
			{ "model": "brick_inner_stairs_wf_alt1" }
		],
        "facing=north,half=top,shape=inner_right": [  
			{ "model": "brick_inner_stairs_nf" },
			{ "model": "brick_inner_stairs_nf_alt1" }
		],
        "facing=east,half=top,shape=inner_left": [  
			{ "model": "brick_inner_stairs_nf" },
			{ "model": "brick_inner_stairs_nf_alt1" }
		],
        "facing=south,half=top,shape=inner_left": [  
			{ "model": "brick_inner_stairs_ef" },
			{ "model": "brick_inner_stairs_ef_alt1" }
		],
        "facing=west,half=top,shape=inner_left": [  
			{ "model": "brick_inner_stairs_sf" },
			{ "model": "brick_inner_stairs_sf_alt1" }
		],
        "facing=north,half=top,shape=inner_left": [  
			{ "model": "brick_inner_stairs_wf" },
			{ "model": "brick_inner_stairs_wf_alt1" }
		]
    }
}
