{
"__comment":"Made by Know2Good, part of the 'Default 3D' resource pack || Official download page: http://www.planetminecraft.com/texture_pack/default-3d-2985741/ || © Know2Good. All rights reserved. ",
    "variants": {
        "half=bottom": [
            { "model": "brick_slab_lower", "weight": 600 },
			{ "model": "brick_slab_lower_alt1", "weight": 600 },
			{ "model": "brick_slab_lower_alt2", "weight": 600 },
			{ "model": "brick_slab_lower_alt3", "weight": 600 },
			{ "model": "brick_slab_lower_alt4", "weight": 600 },
			{ "model": "brick_slab_lower_alt5", "weight": 600 },
			{ "model": "brick_slab_lower_alt6", "weight": 600 },
			{ "model": "brick_slab_lower_alt7", "weight": 600 },
			
			{ "model": "brick_slab_lower_alt8", "weight": 600 },
			{ "model": "brick_slab_lower_alt9", "weight": 600 },
			{ "model": "brick_slab_lower_alt10", "weight": 600 },
			{ "model": "brick_slab_lower_alt11", "weight": 600 },
			{ "model": "brick_slab_lower_alt12", "weight": 600 },
			{ "model": "brick_slab_lower_alt13", "weight": 600 },
			{ "model": "brick_slab_lower_alt14", "weight": 600 },
			{ "model": "brick_slab_lower_alt15", "weight": 600 },
			
			{ "model": "brick_slab_lower_alt16", "weight": 300 },
			{ "model": "brick_slab_lower_alt17", "weight": 300 },
			{ "model": "brick_slab_lower_alt18", "weight": 300 },
			{ "model": "brick_slab_lower_alt19", "weight": 300 },
			{ "model": "brick_slab_lower_alt20", "weight": 300 },
			{ "model": "brick_slab_lower_alt21", "weight": 300 },
			{ "model": "brick_slab_lower_alt22", "weight": 300 },
			{ "model": "brick_slab_lower_alt23", "weight": 300 },
			
			{ "model": "brick_slab_lower_alt24", "weight": 300 },
			{ "model": "brick_slab_lower_alt25", "weight": 300 },
			{ "model": "brick_slab_lower_alt26", "weight": 300 },
			{ "model": "brick_slab_lower_alt27", "weight": 300 },
			{ "model": "brick_slab_lower_alt28", "weight": 300 },
			{ "model": "brick_slab_lower_alt29", "weight": 300 },
			{ "model": "brick_slab_lower_alt30", "weight": 300 },
			{ "model": "brick_slab_lower_alt31", "weight": 300 },
			
			{ "model": "brick_slab_lower_alt32", "weight": 300 },
			{ "model": "brick_slab_lower_alt33", "weight": 300 },
			{ "model": "brick_slab_lower_alt34", "weight": 300 },
			{ "model": "brick_slab_lower_alt35", "weight": 300 },
			{ "model": "brick_slab_lower_alt36", "weight": 300 },
			{ "model": "brick_slab_lower_alt37", "weight": 300 },
			{ "model": "brick_slab_lower_alt38", "weight": 300 },
			{ "model": "brick_slab_lower_alt39", "weight": 300 }
        ],		
        "half=top": [
            { "model": "brick_slab_upper", "weight": 600 },
			{ "model": "brick_slab_upper_alt1", "weight": 600 },
			{ "model": "brick_slab_upper_alt2", "weight": 600 },
			{ "model": "brick_slab_upper_alt3", "weight": 600 },
			{ "model": "brick_slab_upper_alt4", "weight": 600 },
			{ "model": "brick_slab_upper_alt5", "weight": 600 },
			{ "model": "brick_slab_upper_alt6", "weight": 600 },
			{ "model": "brick_slab_upper_alt7", "weight": 600 },
			
			{ "model": "brick_slab_upper_alt8", "weight": 600 },
			{ "model": "brick_slab_upper_alt9", "weight": 600 },
			{ "model": "brick_slab_upper_alt10", "weight": 600 },
			{ "model": "brick_slab_upper_alt11", "weight": 600 },
			{ "model": "brick_slab_upper_alt12", "weight": 600 },
			{ "model": "brick_slab_upper_alt13", "weight": 600 },
			{ "model": "brick_slab_upper_alt14", "weight": 600 },
			{ "model": "brick_slab_upper_alt15", "weight": 600 },
			
			{ "model": "brick_slab_upper_alt16", "weight": 300 },
			{ "model": "brick_slab_upper_alt17", "weight": 300 },
			{ "model": "brick_slab_upper_alt18", "weight": 300 },
			{ "model": "brick_slab_upper_alt19", "weight": 300 },
			{ "model": "brick_slab_upper_alt20", "weight": 300 },
			{ "model": "brick_slab_upper_alt21", "weight": 300 },
			{ "model": "brick_slab_upper_alt22", "weight": 300 },
			{ "model": "brick_slab_upper_alt23", "weight": 300 },
			
			{ "model": "brick_slab_upper_alt24", "weight": 300 },
			{ "model": "brick_slab_upper_alt25", "weight": 300 },
			{ "model": "brick_slab_upper_alt26", "weight": 300 },
			{ "model": "brick_slab_upper_alt27", "weight": 300 },
			{ "model": "brick_slab_upper_alt28", "weight": 300 },
			{ "model": "brick_slab_upper_alt29", "weight": 300 },
			{ "model": "brick_slab_upper_alt30", "weight": 300 },
			{ "model": "brick_slab_upper_alt31", "weight": 300 },
			
			{ "model": "brick_slab_upper_alt32", "weight": 300 },
			{ "model": "brick_slab_upper_alt33", "weight": 300 },
			{ "model": "brick_slab_upper_alt34", "weight": 300 },
			{ "model": "brick_slab_upper_alt35", "weight": 300 },
			{ "model": "brick_slab_upper_alt36", "weight": 300 },
			{ "model": "brick_slab_upper_alt37", "weight": 300 },
			{ "model": "brick_slab_upper_alt38", "weight": 300 },
			{ "model": "brick_slab_upper_alt39", "weight": 300 }
        ]
    }
}
