{
"__comment":"Made by Know2Good, part of the 'Default 3D' resource pack || Official download page: http://www.planetminecraft.com/texture_pack/default-3d-2985741/ || © Know2Good. All rights reserved. ",
    "variants": {
        "normal": [
            { "model": "brick", "weight": 600 },
			{ "model": "brick_alt1", "weight": 600 },
			{ "model": "brick_alt2", "weight": 600 },
			{ "model": "brick_alt3", "weight": 600 },
			{ "model": "brick_alt4", "weight": 600 },
			{ "model": "brick_alt5", "weight": 600 },
			{ "model": "brick_alt6", "weight": 600 },
			{ "model": "brick_alt7", "weight": 600 },
			
			{ "model": "brick_alt8", "weight": 600 },
			{ "model": "brick_alt9", "weight": 600 },
			{ "model": "brick_alt10", "weight": 600 },
			{ "model": "brick_alt11", "weight": 600 },
			{ "model": "brick_alt12", "weight": 600 },
			{ "model": "brick_alt13", "weight": 600 },
			{ "model": "brick_alt14", "weight": 600 },
			{ "model": "brick_alt15", "weight": 600 },
			
			{ "model": "brick_alt16", "weight": 300 },
			{ "model": "brick_alt17", "weight": 300 },
			{ "model": "brick_alt18", "weight": 300 },
			{ "model": "brick_alt19", "weight": 300 },
			{ "model": "brick_alt20", "weight": 300 },
			{ "model": "brick_alt21", "weight": 300 },
			{ "model": "brick_alt22", "weight": 300 },
			{ "model": "brick_alt23", "weight": 300 },
			
			{ "model": "brick_alt24", "weight": 300 },
			{ "model": "brick_alt25", "weight": 300 },
			{ "model": "brick_alt26", "weight": 300 },
			{ "model": "brick_alt27", "weight": 300 },
			{ "model": "brick_alt28", "weight": 300 },
			{ "model": "brick_alt29", "weight": 300 },
			{ "model": "brick_alt30", "weight": 300 },
			{ "model": "brick_alt31", "weight": 300 },
			
			{ "model": "brick_alt32", "weight": 300 },
			{ "model": "brick_alt33", "weight": 300 },
			{ "model": "brick_alt34", "weight": 300 },
			{ "model": "brick_alt35", "weight": 300 },
			{ "model": "brick_alt36", "weight": 300 },
			{ "model": "brick_alt37", "weight": 300 },
			{ "model": "brick_alt38", "weight": 300 },
			{ "model": "brick_alt39", "weight": 300 }
        ]
    }
}

