{
"__comment":"Made by Know2Good, part of the 'Default 3D' resource pack || Official download page: http://www.planetminecraft.com/texture_pack/default-3d-2985741/ || © Know2Good. All rights reserved. ",
    "variants": {
        "normal": [
			{ "model": "red_nether_brick", "weight": 40 },
			
			{ "model": "red_nether_brick_alt1", "weight": 25 },
			{ "model": "red_nether_brick_alt2", "weight": 40 },
			{ "model": "red_nether_brick_alt3", "weight": 25 },
			{ "model": "red_nether_brick_alt4", "weight": 25 },
			
			{ "model": "red_nether_brick_alt5", "weight": 35 },
			{ "model": "red_nether_brick_alt6", "weight": 35 },
			{ "model": "red_nether_brick_alt7", "weight": 35 },
			{ "model": "red_nether_brick_alt8", "weight": 45 },
			{ "model": "red_nether_brick_alt9", "weight": 35 },
			
			{ "model": "red_nether_brick_alt10", "weight": 35 },
			{ "model": "red_nether_brick_alt11", "weight": 35 },
			{ "model": "red_nether_brick_alt12", "weight": 35 },
			{ "model": "red_nether_brick_alt13", "weight": 45 },
			
			{ "model": "red_nether_brick_alt14", "weight": 35 },
			{ "model": "red_nether_brick_alt15", "weight": 35 },
			
			{ "model": "red_nether_brick_alt16", "weight": 45 }
        ]
    }
}
