{
"__comment":"Made by Know2Good, part of the 'Default 3D' resource pack || Official download page: http://www.planetminecraft.com/texture_pack/default-3d-2985741/ || © Know2Good. All rights reserved. ",
"__comment":"OK",

"parent": "block/generic_coal_ore_sub1",

"textures": {
	"main": 	"know2good/blocks/stone/stone_alt11/stone",
	"north": 	"know2good/blocks/stone/stone_alt11/stone_north",
	"east": 	"know2good/blocks/stone/stone_alt11/stone_east",
	"south": 	"know2good/blocks/stone/stone_alt11/stone_south",
	"west": 	"know2good/blocks/stone/stone_alt11/stone_west",
	"ore": 		"know2good/blocks/ore/coal_alt1/coal_ore_sparkle",
	"particle": "know2good/blocks/stone/stone_alt11/stone"
    }
}