{
"__comment":"Made by Know2Good, part of the 'Default 3D' resource pack || Official download page: http://www.planetminecraft.com/texture_pack/default-3d-2985741/ || © Know2Good. All rights reserved. ",
    "variants": {
        "normal": [
			{ "model": "lapis_ore", "weight": 590 },
            { "model": "lapis_ore", "y": 180, "weight": 600 },
			{ "model": "lapis_ore_sub1", "weight": 590 },
            { "model": "lapis_ore_sub1", "y": 180, "weight": 600 },
			{ "model": "lapis_ore_sub2", "weight": 590 },
            { "model": "lapis_ore_sub2", "y": 180, "weight": 600 },
			{ "model": "lapis_ore_sub3", "weight": 590 },
            { "model": "lapis_ore_sub3", "y": 180, "weight": 600 },
			{ "model": "lapis_ore_sparkle1", "weight": 590 },
            { "model": "lapis_ore_sparkle1", "y": 180, "weight": 600 },
			{ "model": "lapis_ore_sub1_sparkle1", "weight": 590 },
            { "model": "lapis_ore_sub1_sparkle1", "y": 180, "weight": 600 },
			{ "model": "lapis_ore_sub2_sparkle1", "weight": 590 },
            { "model": "lapis_ore_sub2_sparkle1", "y": 180, "weight": 600 },
			{ "model": "lapis_ore_sub3_sparkle1", "weight": 590 },
            { "model": "lapis_ore_sub3_sparkle1", "y": 180, "weight": 600 },
			{ "model": "lapis_ore_sparkle2", "weight": 590 },
            { "model": "lapis_ore_sparkle2", "y": 180, "weight": 600 },
			{ "model": "lapis_ore_sub1_sparkle2", "weight": 590 },
            { "model": "lapis_ore_sub1_sparkle2", "y": 180, "weight": 600 },
			{ "model": "lapis_ore_sub2_sparkle2", "weight": 590 },
            { "model": "lapis_ore_sub2_sparkle2", "y": 180, "weight": 600 },
			{ "model": "lapis_ore_sub3_sparkle2", "weight": 590 },
            { "model": "lapis_ore_sub3_sparkle2", "y": 180, "weight": 600 },
			
			{ "model": "lapis_ore_alt1", "weight": 590 },
            { "model": "lapis_ore_alt1", "y": 180, "weight": 600 },
			{ "model": "lapis_ore_alt1_sub1", "weight": 590 },
            { "model": "lapis_ore_alt1_sub1", "y": 180, "weight": 600 },
			{ "model": "lapis_ore_alt1_sub2", "weight": 590 },
            { "model": "lapis_ore_alt1_sub2", "y": 180, "weight": 600 },
			{ "model": "lapis_ore_alt1_sub3", "weight": 590 },
            { "model": "lapis_ore_alt1_sub3", "y": 180, "weight": 600 },
			{ "model": "lapis_ore_alt1_sparkle1", "weight": 590 },
            { "model": "lapis_ore_alt1_sparkle1", "y": 180, "weight": 600 },
			{ "model": "lapis_ore_alt1_sub1_sparkle1", "weight": 590 },
            { "model": "lapis_ore_alt1_sub1_sparkle1", "y": 180, "weight": 600 },
			{ "model": "lapis_ore_alt1_sub2_sparkle1", "weight": 590 },
            { "model": "lapis_ore_alt1_sub2_sparkle1", "y": 180, "weight": 600 },
			{ "model": "lapis_ore_alt1_sub3_sparkle1", "weight": 590 },
            { "model": "lapis_ore_alt1_sub3_sparkle1", "y": 180, "weight": 600 },
			{ "model": "lapis_ore_alt1_sparkle2", "weight": 590 },
            { "model": "lapis_ore_alt1_sparkle2", "y": 180, "weight": 600 },
			{ "model": "lapis_ore_alt1_sub1_sparkle2", "weight": 590 },
            { "model": "lapis_ore_alt1_sub1_sparkle2", "y": 180, "weight": 600 },
			{ "model": "lapis_ore_alt1_sub2_sparkle2", "weight": 590 },
            { "model": "lapis_ore_alt1_sub2_sparkle2", "y": 180, "weight": 600 },
			{ "model": "lapis_ore_alt1_sub3_sparkle2", "weight": 590 },
            { "model": "lapis_ore_alt1_sub3_sparkle2", "y": 180, "weight": 600 },
			
			{ "model": "lapis_ore_alt2", "weight": 590 },
            { "model": "lapis_ore_alt2", "y": 180, "weight": 600 },
			{ "model": "lapis_ore_alt2_sub1", "weight": 590 },
            { "model": "lapis_ore_alt2_sub1", "y": 180, "weight": 600 },
			{ "model": "lapis_ore_alt2_sub2", "weight": 590 },
            { "model": "lapis_ore_alt2_sub2", "y": 180, "weight": 600 },
			{ "model": "lapis_ore_alt2_sub3", "weight": 590 },
            { "model": "lapis_ore_alt2_sub3", "y": 180, "weight": 600 },
			{ "model": "lapis_ore_alt2_sparkle1", "weight": 590 },
            { "model": "lapis_ore_alt2_sparkle1", "y": 180, "weight": 600 },
			{ "model": "lapis_ore_alt2_sub1_sparkle1", "weight": 590 },
            { "model": "lapis_ore_alt2_sub1_sparkle1", "y": 180, "weight": 600 },
			{ "model": "lapis_ore_alt2_sub2_sparkle1", "weight": 590 },
            { "model": "lapis_ore_alt2_sub2_sparkle1", "y": 180, "weight": 600 },
			{ "model": "lapis_ore_alt2_sub3_sparkle1", "weight": 590 },
            { "model": "lapis_ore_alt2_sub3_sparkle1", "y": 180, "weight": 600 },
			{ "model": "lapis_ore_alt2_sparkle2", "weight": 590 },
            { "model": "lapis_ore_alt2_sparkle2", "y": 180, "weight": 600 },
			{ "model": "lapis_ore_alt2_sub1_sparkle2", "weight": 590 },
            { "model": "lapis_ore_alt2_sub1_sparkle2", "y": 180, "weight": 600 },
			{ "model": "lapis_ore_alt2_sub2_sparkle2", "weight": 590 },
            { "model": "lapis_ore_alt2_sub2_sparkle2", "y": 180, "weight": 600 },
			{ "model": "lapis_ore_alt2_sub3_sparkle2", "weight": 590 },
            { "model": "lapis_ore_alt2_sub3_sparkle2", "y": 180, "weight": 600 },
			
			{ "model": "lapis_ore_alt3", "weight": 590 },
            { "model": "lapis_ore_alt3", "y": 180, "weight": 600 },
			{ "model": "lapis_ore_alt3_sub1", "weight": 590 },
            { "model": "lapis_ore_alt3_sub1", "y": 180, "weight": 600 },
			{ "model": "lapis_ore_alt3_sub2", "weight": 590 },
            { "model": "lapis_ore_alt3_sub2", "y": 180, "weight": 600 },
			{ "model": "lapis_ore_alt3_sub3", "weight": 590 },
            { "model": "lapis_ore_alt3_sub3", "y": 180, "weight": 600 },
			{ "model": "lapis_ore_alt3_sparkle1", "weight": 590 },
            { "model": "lapis_ore_alt3_sparkle1", "y": 180, "weight": 600 },
			{ "model": "lapis_ore_alt3_sub1_sparkle1", "weight": 590 },
            { "model": "lapis_ore_alt3_sub1_sparkle1", "y": 180, "weight": 600 },
			{ "model": "lapis_ore_alt3_sub2_sparkle1", "weight": 590 },
            { "model": "lapis_ore_alt3_sub2_sparkle1", "y": 180, "weight": 600 },
			{ "model": "lapis_ore_alt3_sub3_sparkle1", "weight": 590 },
            { "model": "lapis_ore_alt3_sub3_sparkle1", "y": 180, "weight": 600 },
			{ "model": "lapis_ore_alt3_sparkle2", "weight": 590 },
            { "model": "lapis_ore_alt3_sparkle2", "y": 180, "weight": 600 },
			{ "model": "lapis_ore_alt3_sub1_sparkle2", "weight": 590 },
            { "model": "lapis_ore_alt3_sub1_sparkle2", "y": 180, "weight": 600 },
			{ "model": "lapis_ore_alt3_sub2_sparkle2", "weight": 590 },
            { "model": "lapis_ore_alt3_sub2_sparkle2", "y": 180, "weight": 600 },
			{ "model": "lapis_ore_alt3_sub3_sparkle2", "weight": 590 },
            { "model": "lapis_ore_alt3_sub3_sparkle2", "y": 180, "weight": 600 },
			
			{ "model": "lapis_ore_alt4", "weight": 590 },
            { "model": "lapis_ore_alt4", "y": 180, "weight": 600 },
			{ "model": "lapis_ore_alt4_sub1", "weight": 590 },
            { "model": "lapis_ore_alt4_sub1", "y": 180, "weight": 600 },
			{ "model": "lapis_ore_alt4_sub2", "weight": 590 },
            { "model": "lapis_ore_alt4_sub2", "y": 180, "weight": 600 },
			{ "model": "lapis_ore_alt4_sub3", "weight": 590 },
            { "model": "lapis_ore_alt4_sub3", "y": 180, "weight": 600 },
			{ "model": "lapis_ore_alt4_sparkle1", "weight": 590 },
            { "model": "lapis_ore_alt4_sparkle1", "y": 180, "weight": 600 },
			{ "model": "lapis_ore_alt4_sub1_sparkle1", "weight": 590 },
            { "model": "lapis_ore_alt4_sub1_sparkle1", "y": 180, "weight": 600 },
			{ "model": "lapis_ore_alt4_sub2_sparkle1", "weight": 590 },
            { "model": "lapis_ore_alt4_sub2_sparkle1", "y": 180, "weight": 600 },
			{ "model": "lapis_ore_alt4_sub3_sparkle1", "weight": 590 },
            { "model": "lapis_ore_alt4_sub3_sparkle1", "y": 180, "weight": 600 },
			{ "model": "lapis_ore_alt4_sparkle2", "weight": 590 },
            { "model": "lapis_ore_alt4_sparkle2", "y": 180, "weight": 600 },
			{ "model": "lapis_ore_alt4_sub1_sparkle2", "weight": 590 },
            { "model": "lapis_ore_alt4_sub1_sparkle2", "y": 180, "weight": 600 },
			{ "model": "lapis_ore_alt4_sub2_sparkle2", "weight": 590 },
            { "model": "lapis_ore_alt4_sub2_sparkle2", "y": 180, "weight": 600 },
			{ "model": "lapis_ore_alt4_sub3_sparkle2", "weight": 590 },
            { "model": "lapis_ore_alt4_sub3_sparkle2", "y": 180, "weight": 600 },
			
			{ "model": "lapis_ore_alt5", "weight": 590 },
            { "model": "lapis_ore_alt5", "y": 180, "weight": 600 },
			{ "model": "lapis_ore_alt5_sub1", "weight": 590 },
            { "model": "lapis_ore_alt5_sub1", "y": 180, "weight": 600 },
			{ "model": "lapis_ore_alt5_sub2", "weight": 590 },
            { "model": "lapis_ore_alt5_sub2", "y": 180, "weight": 600 },
			{ "model": "lapis_ore_alt5_sub3", "weight": 590 },
            { "model": "lapis_ore_alt5_sub3", "y": 180, "weight": 600 },
			{ "model": "lapis_ore_alt5_sparkle1", "weight": 590 },
            { "model": "lapis_ore_alt5_sparkle1", "y": 180, "weight": 600 },
			{ "model": "lapis_ore_alt5_sub1_sparkle1", "weight": 590 },
            { "model": "lapis_ore_alt5_sub1_sparkle1", "y": 180, "weight": 600 },
			{ "model": "lapis_ore_alt5_sub2_sparkle1", "weight": 590 },
            { "model": "lapis_ore_alt5_sub2_sparkle1", "y": 180, "weight": 600 },
			{ "model": "lapis_ore_alt5_sub3_sparkle1", "weight": 590 },
            { "model": "lapis_ore_alt5_sub3_sparkle1", "y": 180, "weight": 600 },
			{ "model": "lapis_ore_alt5_sparkle2", "weight": 590 },
            { "model": "lapis_ore_alt5_sparkle2", "y": 180, "weight": 600 },
			{ "model": "lapis_ore_alt5_sub1_sparkle2", "weight": 590 },
            { "model": "lapis_ore_alt5_sub1_sparkle2", "y": 180, "weight": 600 },
			{ "model": "lapis_ore_alt5_sub2_sparkle2", "weight": 590 },
            { "model": "lapis_ore_alt5_sub2_sparkle2", "y": 180, "weight": 600 },
			{ "model": "lapis_ore_alt5_sub3_sparkle2", "weight": 590 },
            { "model": "lapis_ore_alt5_sub3_sparkle2", "y": 180, "weight": 600 },

            { "model": "lapis_ore_alt6", "weight": 590 },
            { "model": "lapis_ore_alt6", "y": 180, "weight": 600 },
			{ "model": "lapis_ore_alt6_sub1", "weight": 590 },
            { "model": "lapis_ore_alt6_sub1", "y": 180, "weight": 600 },
			{ "model": "lapis_ore_alt6_sub2", "weight": 590 },
            { "model": "lapis_ore_alt6_sub2", "y": 180, "weight": 600 },
			{ "model": "lapis_ore_alt6_sub3", "weight": 590 },
            { "model": "lapis_ore_alt6_sub3", "y": 180, "weight": 600 },
			{ "model": "lapis_ore_alt6_sparkle1", "weight": 590 },
            { "model": "lapis_ore_alt6_sparkle1", "y": 180, "weight": 600 },
			{ "model": "lapis_ore_alt6_sub1_sparkle1", "weight": 590 },
            { "model": "lapis_ore_alt6_sub1_sparkle1", "y": 180, "weight": 600 },
			{ "model": "lapis_ore_alt6_sub2_sparkle1", "weight": 590 },
            { "model": "lapis_ore_alt6_sub2_sparkle1", "y": 180, "weight": 600 },
			{ "model": "lapis_ore_alt6_sub3_sparkle1", "weight": 590 },
            { "model": "lapis_ore_alt6_sub3_sparkle1", "y": 180, "weight": 600 },
			{ "model": "lapis_ore_alt6_sparkle2", "weight": 590 },
            { "model": "lapis_ore_alt6_sparkle2", "y": 180, "weight": 600 },
			{ "model": "lapis_ore_alt6_sub1_sparkle2", "weight": 590 },
            { "model": "lapis_ore_alt6_sub1_sparkle2", "y": 180, "weight": 600 },
			{ "model": "lapis_ore_alt6_sub2_sparkle2", "weight": 590 },
            { "model": "lapis_ore_alt6_sub2_sparkle2", "y": 180, "weight": 600 },
			{ "model": "lapis_ore_alt6_sub3_sparkle2", "weight": 590 },
            { "model": "lapis_ore_alt6_sub3_sparkle2", "y": 180, "weight": 600 },
			
			{ "model": "lapis_ore_alt7", "weight": 590 },
            { "model": "lapis_ore_alt7", "y": 180, "weight": 600 },
			{ "model": "lapis_ore_alt7_sub1", "weight": 590 },
            { "model": "lapis_ore_alt7_sub1", "y": 180, "weight": 600 },
			{ "model": "lapis_ore_alt7_sub2", "weight": 590 },
            { "model": "lapis_ore_alt7_sub2", "y": 180, "weight": 600 },
			{ "model": "lapis_ore_alt7_sub3", "weight": 590 },
            { "model": "lapis_ore_alt7_sub3", "y": 180, "weight": 600 },
			{ "model": "lapis_ore_alt7_sparkle1", "weight": 590 },
            { "model": "lapis_ore_alt7_sparkle1", "y": 180, "weight": 600 },
			{ "model": "lapis_ore_alt7_sub1_sparkle1", "weight": 590 },
            { "model": "lapis_ore_alt7_sub1_sparkle1", "y": 180, "weight": 600 },
			{ "model": "lapis_ore_alt7_sub2_sparkle1", "weight": 590 },
            { "model": "lapis_ore_alt7_sub2_sparkle1", "y": 180, "weight": 600 },
			{ "model": "lapis_ore_alt7_sub3_sparkle1", "weight": 590 },
            { "model": "lapis_ore_alt7_sub3_sparkle1", "y": 180, "weight": 600 },
			{ "model": "lapis_ore_alt7_sparkle2", "weight": 590 },
            { "model": "lapis_ore_alt7_sparkle2", "y": 180, "weight": 600 },
			{ "model": "lapis_ore_alt7_sub1_sparkle2", "weight": 590 },
            { "model": "lapis_ore_alt7_sub1_sparkle2", "y": 180, "weight": 600 },
			{ "model": "lapis_ore_alt7_sub2_sparkle2", "weight": 590 },
            { "model": "lapis_ore_alt7_sub2_sparkle2", "y": 180, "weight": 600 },
			{ "model": "lapis_ore_alt7_sub3_sparkle2", "weight": 590 },
            { "model": "lapis_ore_alt7_sub3_sparkle2", "y": 180, "weight": 600 },
			
			{ "model": "lapis_ore_alt8", "weight": 590 },
            { "model": "lapis_ore_alt8", "y": 180, "weight": 600 },
			{ "model": "lapis_ore_alt8_sub1", "weight": 590 },
            { "model": "lapis_ore_alt8_sub1", "y": 180, "weight": 600 },
			{ "model": "lapis_ore_alt8_sub2", "weight": 590 },
            { "model": "lapis_ore_alt8_sub2", "y": 180, "weight": 600 },
			{ "model": "lapis_ore_alt8_sub3", "weight": 590 },
            { "model": "lapis_ore_alt8_sub3", "y": 180, "weight": 600 },
			{ "model": "lapis_ore_alt8_sparkle1", "weight": 590 },
            { "model": "lapis_ore_alt8_sparkle1", "y": 180, "weight": 600 },
			{ "model": "lapis_ore_alt8_sub1_sparkle1", "weight": 590 },
            { "model": "lapis_ore_alt8_sub1_sparkle1", "y": 180, "weight": 600 },
			{ "model": "lapis_ore_alt8_sub2_sparkle1", "weight": 590 },
            { "model": "lapis_ore_alt8_sub2_sparkle1", "y": 180, "weight": 600 },
			{ "model": "lapis_ore_alt8_sub3_sparkle1", "weight": 590 },
            { "model": "lapis_ore_alt8_sub3_sparkle1", "y": 180, "weight": 600 },
			{ "model": "lapis_ore_alt8_sparkle2", "weight": 590 },
            { "model": "lapis_ore_alt8_sparkle2", "y": 180, "weight": 600 },
			{ "model": "lapis_ore_alt8_sub1_sparkle2", "weight": 590 },
            { "model": "lapis_ore_alt8_sub1_sparkle2", "y": 180, "weight": 600 },
			{ "model": "lapis_ore_alt8_sub2_sparkle2", "weight": 590 },
            { "model": "lapis_ore_alt8_sub2_sparkle2", "y": 180, "weight": 600 },
			{ "model": "lapis_ore_alt8_sub3_sparkle2", "weight": 590 },
            { "model": "lapis_ore_alt8_sub3_sparkle2", "y": 180, "weight": 600 },
			
			{ "model": "lapis_ore_alt9", "weight": 590 },
            { "model": "lapis_ore_alt9", "y": 180, "weight": 600 },
			{ "model": "lapis_ore_alt9_sub1", "weight": 590 },
            { "model": "lapis_ore_alt9_sub1", "y": 180, "weight": 600 },
			{ "model": "lapis_ore_alt9_sub2", "weight": 590 },
            { "model": "lapis_ore_alt9_sub2", "y": 180, "weight": 600 },
			{ "model": "lapis_ore_alt9_sub3", "weight": 590 },
            { "model": "lapis_ore_alt9_sub3", "y": 180, "weight": 600 },
			{ "model": "lapis_ore_alt9_sparkle1", "weight": 590 },
            { "model": "lapis_ore_alt9_sparkle1", "y": 180, "weight": 600 },
			{ "model": "lapis_ore_alt9_sub1_sparkle1", "weight": 590 },
            { "model": "lapis_ore_alt9_sub1_sparkle1", "y": 180, "weight": 600 },
			{ "model": "lapis_ore_alt9_sub2_sparkle1", "weight": 590 },
            { "model": "lapis_ore_alt9_sub2_sparkle1", "y": 180, "weight": 600 },
			{ "model": "lapis_ore_alt9_sub3_sparkle1", "weight": 590 },
            { "model": "lapis_ore_alt9_sub3_sparkle1", "y": 180, "weight": 600 },
			{ "model": "lapis_ore_alt9_sparkle2", "weight": 590 },
            { "model": "lapis_ore_alt9_sparkle2", "y": 180, "weight": 600 },
			{ "model": "lapis_ore_alt9_sub1_sparkle2", "weight": 590 },
            { "model": "lapis_ore_alt9_sub1_sparkle2", "y": 180, "weight": 600 },
			{ "model": "lapis_ore_alt9_sub2_sparkle2", "weight": 590 },
            { "model": "lapis_ore_alt9_sub2_sparkle2", "y": 180, "weight": 600 },
			{ "model": "lapis_ore_alt9_sub3_sparkle2", "weight": 590 },
            { "model": "lapis_ore_alt9_sub3_sparkle2", "y": 180, "weight": 600 },
			
			{ "model": "lapis_ore_alt10", "weight": 590 },
            { "model": "lapis_ore_alt10", "y": 180, "weight": 600 },
			{ "model": "lapis_ore_alt10_sub1", "weight": 590 },
            { "model": "lapis_ore_alt10_sub1", "y": 180, "weight": 600 },
			{ "model": "lapis_ore_alt10_sub2", "weight": 590 },
            { "model": "lapis_ore_alt10_sub2", "y": 180, "weight": 600 },
			{ "model": "lapis_ore_alt10_sub3", "weight": 590 },
            { "model": "lapis_ore_alt10_sub3", "y": 180, "weight": 600 },
			{ "model": "lapis_ore_alt10_sparkle1", "weight": 590 },
            { "model": "lapis_ore_alt10_sparkle1", "y": 180, "weight": 600 },
			{ "model": "lapis_ore_alt10_sub1_sparkle1", "weight": 590 },
            { "model": "lapis_ore_alt10_sub1_sparkle1", "y": 180, "weight": 600 },
			{ "model": "lapis_ore_alt10_sub2_sparkle1", "weight": 590 },
            { "model": "lapis_ore_alt10_sub2_sparkle1", "y": 180, "weight": 600 },
			{ "model": "lapis_ore_alt10_sub3_sparkle1", "weight": 590 },
            { "model": "lapis_ore_alt10_sub3_sparkle1", "y": 180, "weight": 600 },
			{ "model": "lapis_ore_alt10_sparkle2", "weight": 590 },
            { "model": "lapis_ore_alt10_sparkle2", "y": 180, "weight": 600 },
			{ "model": "lapis_ore_alt10_sub1_sparkle2", "weight": 590 },
            { "model": "lapis_ore_alt10_sub1_sparkle2", "y": 180, "weight": 600 },
			{ "model": "lapis_ore_alt10_sub2_sparkle2", "weight": 590 },
            { "model": "lapis_ore_alt10_sub2_sparkle2", "y": 180, "weight": 600 },
			{ "model": "lapis_ore_alt10_sub3_sparkle2", "weight": 590 },
            { "model": "lapis_ore_alt10_sub3_sparkle2", "y": 180, "weight": 600 },
			
			{ "model": "lapis_ore_alt11", "weight": 590 },
            { "model": "lapis_ore_alt11", "y": 180, "weight": 600 },
			{ "model": "lapis_ore_alt11_sub1", "weight": 590 },
            { "model": "lapis_ore_alt11_sub1", "y": 180, "weight": 600 },
			{ "model": "lapis_ore_alt11_sub2", "weight": 590 },
            { "model": "lapis_ore_alt11_sub2", "y": 180, "weight": 600 },
			{ "model": "lapis_ore_alt11_sub3", "weight": 590 },
            { "model": "lapis_ore_alt11_sub3", "y": 180, "weight": 600 },
			{ "model": "lapis_ore_alt11_sparkle1", "weight": 590 },
            { "model": "lapis_ore_alt11_sparkle1", "y": 180, "weight": 600 },
			{ "model": "lapis_ore_alt11_sub1_sparkle1", "weight": 590 },
            { "model": "lapis_ore_alt11_sub1_sparkle1", "y": 180, "weight": 600 },
			{ "model": "lapis_ore_alt11_sub2_sparkle1", "weight": 590 },
            { "model": "lapis_ore_alt11_sub2_sparkle1", "y": 180, "weight": 600 },
			{ "model": "lapis_ore_alt11_sub3_sparkle1", "weight": 590 },
            { "model": "lapis_ore_alt11_sub3_sparkle1", "y": 180, "weight": 600 },
			{ "model": "lapis_ore_alt11_sparkle2", "weight": 590 },
            { "model": "lapis_ore_alt11_sparkle2", "y": 180, "weight": 600 },
			{ "model": "lapis_ore_alt11_sub1_sparkle2", "weight": 590 },
            { "model": "lapis_ore_alt11_sub1_sparkle2", "y": 180, "weight": 600 },
			{ "model": "lapis_ore_alt11_sub2_sparkle2", "weight": 590 },
            { "model": "lapis_ore_alt11_sub2_sparkle2", "y": 180, "weight": 600 },
			{ "model": "lapis_ore_alt11_sub3_sparkle2", "weight": 590 },
            { "model": "lapis_ore_alt11_sub3_sparkle2", "y": 180, "weight": 600 },
			
            { "model": "lapis_ore_alt12", "weight": 590 },
            { "model": "lapis_ore_alt12", "y": 180, "weight": 600 },
			{ "model": "lapis_ore_alt12_sub1", "weight": 590 },
            { "model": "lapis_ore_alt12_sub1", "y": 180, "weight": 600 },
			{ "model": "lapis_ore_alt12_sub2", "weight": 590 },
            { "model": "lapis_ore_alt12_sub2", "y": 180, "weight": 600 },
			{ "model": "lapis_ore_alt12_sub3", "weight": 590 },
            { "model": "lapis_ore_alt12_sub3", "y": 180, "weight": 600 },
			{ "model": "lapis_ore_alt12_sparkle1", "weight": 590 },
            { "model": "lapis_ore_alt12_sparkle1", "y": 180, "weight": 600 },
			{ "model": "lapis_ore_alt12_sub1_sparkle1", "weight": 590 },
            { "model": "lapis_ore_alt12_sub1_sparkle1", "y": 180, "weight": 600 },
			{ "model": "lapis_ore_alt12_sub2_sparkle1", "weight": 590 },
            { "model": "lapis_ore_alt12_sub2_sparkle1", "y": 180, "weight": 600 },
			{ "model": "lapis_ore_alt12_sub3_sparkle1", "weight": 590 },
            { "model": "lapis_ore_alt12_sub3_sparkle1", "y": 180, "weight": 600 },
			{ "model": "lapis_ore_alt12_sparkle2", "weight": 590 },
            { "model": "lapis_ore_alt12_sparkle2", "y": 180, "weight": 600 },
			{ "model": "lapis_ore_alt12_sub1_sparkle2", "weight": 590 },
            { "model": "lapis_ore_alt12_sub1_sparkle2", "y": 180, "weight": 600 },
			{ "model": "lapis_ore_alt12_sub2_sparkle2", "weight": 590 },
            { "model": "lapis_ore_alt12_sub2_sparkle2", "y": 180, "weight": 600 },
			{ "model": "lapis_ore_alt12_sub3_sparkle2", "weight": 590 },
            { "model": "lapis_ore_alt12_sub3_sparkle2", "y": 180, "weight": 600 },
			
			{ "model": "lapis_ore_alt13", "weight": 590 },
            { "model": "lapis_ore_alt13", "y": 180, "weight": 600 },
			{ "model": "lapis_ore_alt13_sub1", "weight": 590 },
            { "model": "lapis_ore_alt13_sub1", "y": 180, "weight": 600 },
			{ "model": "lapis_ore_alt13_sub2", "weight": 590 },
            { "model": "lapis_ore_alt13_sub2", "y": 180, "weight": 600 },
			{ "model": "lapis_ore_alt13_sub3", "weight": 590 },
            { "model": "lapis_ore_alt13_sub3", "y": 180, "weight": 600 },
			{ "model": "lapis_ore_alt13_sparkle1", "weight": 590 },
            { "model": "lapis_ore_alt13_sparkle1", "y": 180, "weight": 600 },
			{ "model": "lapis_ore_alt13_sub1_sparkle1", "weight": 590 },
            { "model": "lapis_ore_alt13_sub1_sparkle1", "y": 180, "weight": 600 },
			{ "model": "lapis_ore_alt13_sub2_sparkle1", "weight": 590 },
            { "model": "lapis_ore_alt13_sub2_sparkle1", "y": 180, "weight": 600 },
			{ "model": "lapis_ore_alt13_sub3_sparkle1", "weight": 590 },
            { "model": "lapis_ore_alt13_sub3_sparkle1", "y": 180, "weight": 600 },
			{ "model": "lapis_ore_alt13_sparkle2", "weight": 590 },
            { "model": "lapis_ore_alt13_sparkle2", "y": 180, "weight": 600 },
			{ "model": "lapis_ore_alt13_sub1_sparkle2", "weight": 590 },
            { "model": "lapis_ore_alt13_sub1_sparkle2", "y": 180, "weight": 600 },
			{ "model": "lapis_ore_alt13_sub2_sparkle2", "weight": 590 },
            { "model": "lapis_ore_alt13_sub2_sparkle2", "y": 180, "weight": 600 },
			{ "model": "lapis_ore_alt13_sub3_sparkle2", "weight": 590 },
            { "model": "lapis_ore_alt13_sub3_sparkle2", "y": 180, "weight": 600 },
			
			{ "model": "lapis_ore_alt14", "weight": 590 },
            { "model": "lapis_ore_alt14", "y": 180, "weight": 600 },
			{ "model": "lapis_ore_alt14_sub1", "weight": 590 },
            { "model": "lapis_ore_alt14_sub1", "y": 180, "weight": 600 },
			{ "model": "lapis_ore_alt14_sub2", "weight": 590 },
            { "model": "lapis_ore_alt14_sub2", "y": 180, "weight": 600 },
			{ "model": "lapis_ore_alt14_sub3", "weight": 590 },
            { "model": "lapis_ore_alt14_sub3", "y": 180, "weight": 600 },
			{ "model": "lapis_ore_alt14_sparkle1", "weight": 590 },
            { "model": "lapis_ore_alt14_sparkle1", "y": 180, "weight": 600 },
			{ "model": "lapis_ore_alt14_sub1_sparkle1", "weight": 590 },
            { "model": "lapis_ore_alt14_sub1_sparkle1", "y": 180, "weight": 600 },
			{ "model": "lapis_ore_alt14_sub2_sparkle1", "weight": 590 },
            { "model": "lapis_ore_alt14_sub2_sparkle1", "y": 180, "weight": 600 },
			{ "model": "lapis_ore_alt14_sub3_sparkle1", "weight": 590 },
            { "model": "lapis_ore_alt14_sub3_sparkle1", "y": 180, "weight": 600 },
			{ "model": "lapis_ore_alt14_sparkle2", "weight": 590 },
            { "model": "lapis_ore_alt14_sparkle2", "y": 180, "weight": 600 },
			{ "model": "lapis_ore_alt14_sub1_sparkle2", "weight": 590 },
            { "model": "lapis_ore_alt14_sub1_sparkle2", "y": 180, "weight": 600 },
			{ "model": "lapis_ore_alt14_sub2_sparkle2", "weight": 590 },
            { "model": "lapis_ore_alt14_sub2_sparkle2", "y": 180, "weight": 600 },
			{ "model": "lapis_ore_alt14_sub3_sparkle2", "weight": 590 },
            { "model": "lapis_ore_alt14_sub3_sparkle2", "y": 180, "weight": 600 },
			
			{ "model": "lapis_ore_alt15", "weight": 590 },
            { "model": "lapis_ore_alt15", "y": 180, "weight": 600 },
			{ "model": "lapis_ore_alt15_sub1", "weight": 590 },
            { "model": "lapis_ore_alt15_sub1", "y": 180, "weight": 600 },
			{ "model": "lapis_ore_alt15_sub2", "weight": 590 },
            { "model": "lapis_ore_alt15_sub2", "y": 180, "weight": 600 },
			{ "model": "lapis_ore_alt15_sub3", "weight": 590 },
            { "model": "lapis_ore_alt15_sub3", "y": 180, "weight": 600 },
			{ "model": "lapis_ore_alt15_sparkle1", "weight": 590 },
            { "model": "lapis_ore_alt15_sparkle1", "y": 180, "weight": 600 },
			{ "model": "lapis_ore_alt15_sub1_sparkle1", "weight": 590 },
            { "model": "lapis_ore_alt15_sub1_sparkle1", "y": 180, "weight": 600 },
			{ "model": "lapis_ore_alt15_sub2_sparkle1", "weight": 590 },
            { "model": "lapis_ore_alt15_sub2_sparkle1", "y": 180, "weight": 600 },
			{ "model": "lapis_ore_alt15_sub3_sparkle1", "weight": 590 },
            { "model": "lapis_ore_alt15_sub3_sparkle1", "y": 180, "weight": 600 },
			{ "model": "lapis_ore_alt15_sparkle2", "weight": 590 },
            { "model": "lapis_ore_alt15_sparkle2", "y": 180, "weight": 600 },
			{ "model": "lapis_ore_alt15_sub1_sparkle2", "weight": 590 },
            { "model": "lapis_ore_alt15_sub1_sparkle2", "y": 180, "weight": 600 },
			{ "model": "lapis_ore_alt15_sub2_sparkle2", "weight": 590 },
            { "model": "lapis_ore_alt15_sub2_sparkle2", "y": 180, "weight": 600 },
			{ "model": "lapis_ore_alt15_sub3_sparkle2", "weight": 590 },
            { "model": "lapis_ore_alt15_sub3_sparkle2", "y": 180, "weight": 600 },
			
			{ "model": "lapis_ore_alt16", "weight": 590 },
            { "model": "lapis_ore_alt16", "y": 180, "weight": 600 },
			{ "model": "lapis_ore_alt16_sub1", "weight": 590 },
            { "model": "lapis_ore_alt16_sub1", "y": 180, "weight": 600 },
			{ "model": "lapis_ore_alt16_sub2", "weight": 590 },
            { "model": "lapis_ore_alt16_sub2", "y": 180, "weight": 600 },
			{ "model": "lapis_ore_alt16_sub3", "weight": 590 },
            { "model": "lapis_ore_alt16_sub3", "y": 180, "weight": 600 },
			{ "model": "lapis_ore_alt16_sparkle1", "weight": 590 },
            { "model": "lapis_ore_alt16_sparkle1", "y": 180, "weight": 600 },
			{ "model": "lapis_ore_alt16_sub1_sparkle1", "weight": 590 },
            { "model": "lapis_ore_alt16_sub1_sparkle1", "y": 180, "weight": 600 },
			{ "model": "lapis_ore_alt16_sub2_sparkle1", "weight": 590 },
            { "model": "lapis_ore_alt16_sub2_sparkle1", "y": 180, "weight": 600 },
			{ "model": "lapis_ore_alt16_sub3_sparkle1", "weight": 590 },
            { "model": "lapis_ore_alt16_sub3_sparkle1", "y": 180, "weight": 600 },
			{ "model": "lapis_ore_alt16_sparkle2", "weight": 590 },
            { "model": "lapis_ore_alt16_sparkle2", "y": 180, "weight": 600 },
			{ "model": "lapis_ore_alt16_sub1_sparkle2", "weight": 590 },
            { "model": "lapis_ore_alt16_sub1_sparkle2", "y": 180, "weight": 600 },
			{ "model": "lapis_ore_alt16_sub2_sparkle2", "weight": 590 },
            { "model": "lapis_ore_alt16_sub2_sparkle2", "y": 180, "weight": 600 },
			{ "model": "lapis_ore_alt16_sub3_sparkle2", "weight": 590 },
            { "model": "lapis_ore_alt16_sub3_sparkle2", "y": 180, "weight": 600 },
			
			{ "model": "lapis_ore_alt17", "weight": 590 },
            { "model": "lapis_ore_alt17", "y": 180, "weight": 600 },
			{ "model": "lapis_ore_alt17_sub1", "weight": 590 },
            { "model": "lapis_ore_alt17_sub1", "y": 180, "weight": 600 },
			{ "model": "lapis_ore_alt17_sub2", "weight": 590 },
            { "model": "lapis_ore_alt17_sub2", "y": 180, "weight": 600 },
			{ "model": "lapis_ore_alt17_sub3", "weight": 590 },
            { "model": "lapis_ore_alt17_sub3", "y": 180, "weight": 600 },
			{ "model": "lapis_ore_alt17_sparkle1", "weight": 590 },
            { "model": "lapis_ore_alt17_sparkle1", "y": 180, "weight": 600 },
			{ "model": "lapis_ore_alt17_sub1_sparkle1", "weight": 590 },
            { "model": "lapis_ore_alt17_sub1_sparkle1", "y": 180, "weight": 600 },
			{ "model": "lapis_ore_alt17_sub2_sparkle1", "weight": 590 },
            { "model": "lapis_ore_alt17_sub2_sparkle1", "y": 180, "weight": 600 },
			{ "model": "lapis_ore_alt17_sub3_sparkle1", "weight": 590 },
            { "model": "lapis_ore_alt17_sub3_sparkle1", "y": 180, "weight": 600 },
			{ "model": "lapis_ore_alt17_sparkle2", "weight": 590 },
            { "model": "lapis_ore_alt17_sparkle2", "y": 180, "weight": 600 },
			{ "model": "lapis_ore_alt17_sub1_sparkle2", "weight": 590 },
            { "model": "lapis_ore_alt17_sub1_sparkle2", "y": 180, "weight": 600 },
			{ "model": "lapis_ore_alt17_sub2_sparkle2", "weight": 590 },
            { "model": "lapis_ore_alt17_sub2_sparkle2", "y": 180, "weight": 600 },
			{ "model": "lapis_ore_alt17_sub3_sparkle2", "weight": 590 },
            { "model": "lapis_ore_alt17_sub3_sparkle2", "y": 180, "weight": 600 }
        ]
    }
}

