{
    "variants": {
		"half=bottom":[
			{ "model": "half_slab_spruce", "weight": 40 },
			
			{ "model": "half_slab_spruce_alt1", "weight": 30 },
			{ "model": "half_slab_spruce_alt2", "weight": 30 },
			{ "model": "half_slab_spruce_alt3", "weight": 30 },
			{ "model": "half_slab_spruce_alt4", "weight": 30 },
			
			{ "model": "half_slab_spruce_alt5", "weight": 10 },
			{ "model": "half_slab_spruce_alt6", "weight": 10 },
			{ "model": "half_slab_spruce_alt7", "weight": 10 },
			{ "model": "half_slab_spruce_alt8", "weight": 10 },
			{ "model": "half_slab_spruce_alt9", "weight": 10 },
			{ "model": "half_slab_spruce_alt10", "weight": 10 },
			
			{ "model": "half_slab_spruce_alt11", "weight": 10 },
			{ "model": "half_slab_spruce_alt12", "weight": 10 },
			{ "model": "half_slab_spruce_alt13", "weight": 10 },
			{ "model": "half_slab_spruce_alt14", "weight": 10 },
			
			{ "model": "half_slab_spruce_alt15", "weight": 5 }
		],
		"half=top":[
			{ "model": "upper_slab_spruce", "weight": 40 },
			
			{ "model": "upper_slab_spruce_alt1", "weight": 30 },
			{ "model": "upper_slab_spruce_alt2", "weight": 30 },
			{ "model": "upper_slab_spruce_alt3", "weight": 30 },
			{ "model": "upper_slab_spruce_alt4", "weight": 30 },
			
			{ "model": "upper_slab_spruce_alt5", "weight": 10 },
			{ "model": "upper_slab_spruce_alt6", "weight": 10 },
			{ "model": "upper_slab_spruce_alt7", "weight": 10 },
			{ "model": "upper_slab_spruce_alt8", "weight": 10 },
			{ "model": "upper_slab_spruce_alt9", "weight": 10 },
			{ "model": "upper_slab_spruce_alt10", "weight": 10 },
			
			{ "model": "upper_slab_spruce_alt11", "weight": 10 },
			{ "model": "upper_slab_spruce_alt12", "weight": 10 },
			{ "model": "upper_slab_spruce_alt13", "weight": 10 },
			{ "model": "upper_slab_spruce_alt14", "weight": 10 },
			
			{ "model": "upper_slab_spruce_alt15", "weight": 5 }
		]
    }
}
