{
"__comment":"Made by up, part of the 'Default 3D' resource pack || Official download page: http://www.planetminecraft.com/texture_pack/default-3d-2985741/ || © up. All rights reserved. ",
"__comment":"No UV-bleed, OK coordinate, OK texture, OK cullface",

"textures": {
	"main": 	"know2good/blocks/stone/brick/brick",
	"north": 	"know2good/blocks/stone/brick/brick_north",
	"east": 	"know2good/blocks/stone/brick/brick_east",
	"south": 	"know2good/blocks/stone/brick/brick_south",
	"west": 	"know2good/blocks/stone/brick/brick_west",
	"particle": "know2good/blocks/stone/brick/brick"
},
"elements":[
	{
		"__comment":"The inner block",
		"from":[0,0,0],
		"to":[16,16,16],
		"faces": {
			"down":{"uv":	[0,0,16,16],"texture":"#main","cullface":"down"},
			"up":{"uv":		[0,0,16,16],"texture":"#main","cullface":"up"},
			"north":{"uv":	[0,0,16,16],"texture":"#north","cullface":"north"},
			"south":{"uv":	[0,0,16,16],"texture":"#south","cullface":"south"},
			"west":{"uv":	[0,0,16,16],"texture":"#west","cullface":"west"},
			"east":{"uv":	[0,0,16,16],"texture":"#east","cullface":"east"}
		}
	},
	{
		"__comment":"Top brick 1 row 1",
		"from":[0.002,16,0.002],
		"to":[3,16.40,3],
		"faces": {
			"up":{"uv":		[0.01,0.01,2.99,2.99],"texture":"#main","cullface":"up"},
			"north":{"uv":	[0.01,0.01,2.99,0.99],"texture":"#main","cullface":"up","rotation":180},
			"south":{"uv":	[0.01,2.01,2.99,2.99],"texture":"#main","cullface":"up"},
			"west":{"uv":	[0.01,0.01,0.99,2.99],"texture":"#main","cullface":"up","rotation":270},
			"east":{"uv":	[2.01,0.01,2.99,2.99],"texture":"#main","cullface":"up","rotation":90}
		}
	},
	{
		"__comment":"Top brick 3 row 1",
		"from":[12,16,0.002],
		"to":[15.998,16.40,3],
		"faces": {
			"up":{"uv":		[12.01,0.01,15.99,2.99],"texture":"#main","cullface":"up"},
			"north":{"uv":	[12.01,0.01,15.99,0.99],"texture":"#main","cullface":"up","rotation":180},
			"south":{"uv":	[12.01,2.01,15.99,2.99],"texture":"#main","cullface":"up"},
			"west":{"uv":	[12.01,0.01,12.99,2.99],"texture":"#main","cullface":"up","rotation":270},
			"east":{"uv":	[15.01,0.01,15.99,2.99],"texture":"#main","cullface":"up","rotation":90}
		}
	},
	{
		"__comment":"Top brick 1 row 3",
		"from":[0.002,16,8.002],
		"to":[3,16.40,11],
		"faces": {
			"up":{"uv":		[0.01,8.01,2.99,10.99],"texture":"#main","cullface":"up"},
			"north":{"uv":	[0.01,8.01,2.99,8.99],"texture":"#main","cullface":"up","rotation":180},
			"south":{"uv":	[0.01,10.01,2.99,10.99],"texture":"#main","cullface":"up"},
			"west":{"uv":	[0.01,8.01,0.99,10.99],"texture":"#main","cullface":"up","rotation":270},
			"east":{"uv":	[2.01,8.01,2.99,10.99],"texture":"#main","cullface":"up","rotation":90}
		}
	},
	{
		"__comment":"Top brick 3 row 3",
		"from":[12,16,8.002],
		"to":[15.998,16.40,11],
		"faces": {
			"up":{"uv":		[12.01,8.01,15.99,10.99],"texture":"#main","cullface":"up"},
			"north":{"uv":	[12.01,8.01,15.99,8.99],"texture":"#main","cullface":"up","rotation":180},
			"south":{"uv":	[12.01,10.01,15.99,10.99],"texture":"#main","cullface":"up"},
			"west":{"uv":	[12.01,8.01,12.99,10.99],"texture":"#main","cullface":"up","rotation":270},
			"east":{"uv":	[15.01,8.01,15.99,10.99],"texture":"#main","cullface":"up","rotation":90}
		}
	},
	{
		"__comment":"North brick 1 row 1",
		"from":[13,13,-0.60],
		"to":[15.998,15.998,0],
		"faces": {
			"up":{"uv":		[0.01,0.01,2.99,0.99],"texture":"#north","cullface":"north","rotation":180},
			"down":{"uv":	[0.01,2.01,2.99,2.99],"texture":"#north","cullface":"north","rotation":180},
			"north":{"uv":	[0.01,0.01,2.99,2.99],"texture":"#north","cullface":"north"},
			"west":{"uv":	[2.01,0.01,2.99,2.99],"texture":"#north","cullface":"north"},
			"east":{"uv":	[0.01,0.01,0.99,2.99],"texture":"#north","cullface":"north"}
		}
	},
	{
		"__comment":"North brick 3 row 1",
		"from":[0.002,13,-0.60],
		"to":[4,15.998,0],
		"faces": {
			"up":{"uv":		[12.01,0.01,15.99,0.99],"texture":"#north","cullface":"north","rotation":180},
			"down":{"uv":	[12.01,2.01,15.99,2.99],"texture":"#north","cullface":"north","rotation":180},
			"north":{"uv":	[12.01,0.01,15.99,2.99],"texture":"#north","cullface":"north"},
			"west":{"uv":	[15.01,0.01,15.99,2.99],"texture":"#north","cullface":"north"},
			"east":{"uv":	[12.01,0.01,12.99,2.99],"texture":"#north","cullface":"north"}
		}
	},
	{
		"__comment":"North brick 1 row 3",
		"from":[13,5,-0.60],
		"to":[15.998,7.998,0],
		"faces": {
			"up":{"uv":		[0.01,8.01,2.99,8.99],"texture":"#north","cullface":"north","rotation":180},
			"down":{"uv":	[0.01,10.01,2.99,10.99],"texture":"#north","cullface":"north","rotation":180},
			"north":{"uv":	[0.01,8.01,2.99,10.99],"texture":"#north","cullface":"north"},
			"west":{"uv":	[2.01,8.01,2.99,10.99],"texture":"#north","cullface":"north"},
			"east":{"uv":	[0.01,8.01,0.99,10.99],"texture":"#north","cullface":"north"}
		}
	},
	{
		"__comment":"North brick 3 row 3",
		"from":[0.002,5,-0.60],
		"to":[4,7.998,0],
		"faces": {
			"up":{"uv":		[12.01,8.01,15.99,8.99],"texture":"#north","cullface":"north","rotation":180},
			"down":{"uv":	[12.01,10.01,15.99,10.99],"texture":"#north","cullface":"north","rotation":180},
			"north":{"uv":	[12.01,8.01,15.99,10.99],"texture":"#north","cullface":"north"},
			"west":{"uv":	[15.01,8.01,15.99,10.99],"texture":"#north","cullface":"north"},
			"east":{"uv":	[12.01,8.01,12.99,10.99],"texture":"#north","cullface":"north"}
		}
	},
	{
		"__comment":"East brick 1 row 1",
		"from":[16,13,13],
		"to":[16.40,15.998,15.998],
		"faces": {
			"up":{"uv":		[0.01,0.01,2.99,0.99],"texture":"#east","cullface":"east","rotation":270},
			"down":{"uv":	[0.01,2.01,2.99,2.99],"texture":"#east","cullface":"east","rotation":90},
			"north":{"uv":	[2.01,0.01,2.99,2.99],"texture":"#east","cullface":"east"},
			"south":{"uv":	[0.01,0.01,0.99,2.99],"texture":"#east","cullface":"east"},
			"east":{"uv":	[0.01,0.01,2.99,2.99],"texture":"#east","cullface":"east"}
		}
	},
	{
		"__comment":"East brick 3 row 1",
		"from":[16,13,0.002],
		"to":[16.40,15.998,4],
		"faces": {
			"up":{"uv":		[12.01,0.01,15.99,0.99],"texture":"#east","cullface":"east","rotation":270},
			"down":{"uv":	[12.01,2.01,15.99,2.99],"texture":"#east","cullface":"east","rotation":90},
			"north":{"uv":	[15.01,0.01,15.99,2.99],"texture":"#east","cullface":"east"},
			"south":{"uv":	[12.01,0.01,12.99,2.99],"texture":"#east","cullface":"east"},
			"east":{"uv":	[12.01,0.01,15.99,2.99],"texture":"#east","cullface":"east"}
		}
	},
	{
		"__comment":"East brick 1 row 3",
		"from":[16,5,13],
		"to":[16.40,7.998,15.998],
		"faces": {
			"up":{"uv":		[0.01,8.01,2.99,8.99],"texture":"#east","cullface":"east","rotation":270},
			"down":{"uv":	[0.01,10.01,2.99,10.99],"texture":"#east","cullface":"east","rotation":90},
			"north":{"uv":	[2.01,8.01,2.99,10.99],"texture":"#east","cullface":"east"},
			"south":{"uv":	[0.01,8.01,0.99,10.99],"texture":"#east","cullface":"east"},
			"east":{"uv":	[0.01,8.01,2.99,10.99],"texture":"#east","cullface":"east"}
		}
	},
	{
		"__comment":"East brick 3 row 3",
		"from":[16,5,0.002],
		"to":[16.40,7.998,4],
		"faces": {
			"up":{"uv":		[12.01,8.01,15.99,8.99],"texture":"#east","cullface":"east","rotation":270},
			"down":{"uv":	[12.01,10.01,15.99,10.99],"texture":"#east","cullface":"east","rotation":90},
			"north":{"uv":	[15.01,8.01,15.99,10.99],"texture":"#east","cullface":"east"},
			"south":{"uv":	[12.01,8.01,12.99,10.99],"texture":"#east","cullface":"east"},
			"east":{"uv":	[12.01,8.01,15.99,10.99],"texture":"#east","cullface":"east"}
		}
	},
	{
		"__comment":"South brick 1 row 1",
		"from":[0.002,13,16],
		"to":[3,15.998,16.40],
		"faces": {
			"up":{"uv":		[0.01,0.01,2.99,0.99],"texture":"#south","cullface":"south"},
			"down":{"uv":	[0.01,2.01,2.99,2.99],"texture":"#south","cullface":"south"},
			"south":{"uv":	[0.01,0.01,2.99,2.99],"texture":"#south","cullface":"south"},
			"west":{"uv":	[0.01,0.01,0.99,2.99],"texture":"#south","cullface":"south"},
			"east":{"uv":	[2.01,0.01,2.99,2.99],"texture":"#south","cullface":"south"}
		}
	},
	{
		"__comment":"South brick 3 row 1",
		"from":[12,13,16],
		"to":[15.998,15.998,16.40],
		"faces": {
			"up":{"uv":		[12.01,0.01,15.99,0.99],"texture":"#south","cullface":"south"},
			"down":{"uv":	[12.01,2.01,15.99,2.99],"texture":"#south","cullface":"south"},
			"south":{"uv":	[12.01,0.01,15.99,2.99],"texture":"#south","cullface":"south"},
			"west":{"uv":	[12.01,0.01,12.99,2.99],"texture":"#south","cullface":"south"},
			"east":{"uv":	[15.01,0.01,15.99,2.99],"texture":"#south","cullface":"south"}
		}
	},
	{
		"__comment":"South brick 1 row 3",
		"from":[0.002,5,16],
		"to":[3,7.998,16.40],
		"faces": {
			"up":{"uv":		[0.01,8.01,2.99,8.99],"texture":"#south","cullface":"south"},
			"down":{"uv":	[0.01,10.01,2.99,10.99],"texture":"#south","cullface":"south"},
			"south":{"uv":	[0.01,8.01,2.99,10.99],"texture":"#south","cullface":"south"},
			"west":{"uv":	[0.01,8.01,0.99,10.99],"texture":"#south","cullface":"south"},
			"east":{"uv":	[2.01,8.01,2.99,10.99],"texture":"#south","cullface":"south"}
		}
	},
	{
		"__comment":"South brick 3 row 3",
		"from":[12,5,16],
		"to":[15.998,7.998,16.40],
		"faces": {
			"up":{"uv":		[12.01,8.01,15.99,8.99],"texture":"#south","cullface":"south"},
			"down":{"uv":	[12.01,10.01,15.99,10.99],"texture":"#south","cullface":"south"},
			"south":{"uv":	[12.01,8.01,15.99,10.99],"texture":"#south","cullface":"south"},
			"west":{"uv":	[12.01,8.01,12.99,10.99],"texture":"#south","cullface":"south"},
			"east":{"uv":	[15.01,8.01,15.99,10.99],"texture":"#south","cullface":"south"}
		}
	},
	{
		"__comment":"West brick 1 row 1",
		"from":[-0.60,13,0.002],
		"to":[0,15.998,3],
		"faces": {
			"up":{"uv":		[0.01,0.01,2.99,0.99],"texture":"#west","cullface":"west","rotation":90},
			"down":{"uv":	[0.01,2.01,2.99,2.99],"texture":"#west","cullface":"west","rotation":270},
			"north":{"uv":	[0.01,0.01,0.99,2.99],"texture":"#west","cullface":"west"},
			"south":{"uv":	[2.01,0.01,2.99,2.99],"texture":"#west","cullface":"west"},
			"west":{"uv":	[0.01,0.01,2.99,2.99],"texture":"#west","cullface":"west"}
		}
	},
	{
		"__comment":"West brick 3 row 1",
		"from":[-0.60,13,12],
		"to":[0,15.998,15.998],
		"faces": {
			"up":{"uv":		[12.01,0.01,15.99,0.99],"texture":"#west","cullface":"west","rotation":90},
			"down":{"uv":	[12.01,2.01,15.99,2.99],"texture":"#west","cullface":"west","rotation":270},
			"north":{"uv":	[12.01,0.01,12.99,2.99],"texture":"#west","cullface":"west"},
			"south":{"uv":	[15.01,0.01,15.99,2.99],"texture":"#west","cullface":"west"},
			"west":{"uv":	[12.01,0.01,15.99,2.99],"texture":"#west","cullface":"west"}
		}
	},
	{
		"__comment":"West brick 1 row 3",
		"from":[-0.60,5,0.002],
		"to":[0,7.998,3],
		"faces": {
			"up":{"uv":		[0.01,8.01,2.99,8.99],"texture":"#west","cullface":"west","rotation":90},
			"down":{"uv":	[0.01,10.01,2.99,10.99],"texture":"#west","cullface":"west","rotation":270},
			"north":{"uv":	[0.01,8.01,0.99,10.99],"texture":"#west","cullface":"west"},
			"south":{"uv":	[2.01,8.01,2.99,10.99],"texture":"#west","cullface":"west"},
			"west":{"uv":	[0.01,8.01,2.99,10.99],"texture":"#west","cullface":"west"}
		}
	},
	{
		"__comment":"West brick 3 row 3",
		"from":[-0.60,5,12],
		"to":[0,7.998,15.998],
		"faces": {
			"up":{"uv":		[12.01,8.01,15.99,8.99],"texture":"#west","cullface":"west","rotation":90},
			"down":{"uv":	[12.01,10.01,15.99,10.99],"texture":"#west","cullface":"west","rotation":270},
			"north":{"uv":	[12.01,8.01,12.99,10.99],"texture":"#west","cullface":"west"},
			"south":{"uv":	[15.01,8.01,15.99,10.99],"texture":"#west","cullface":"west"},
			"west":{"uv":	[12.01,8.01,15.99,10.99],"texture":"#west","cullface":"west"}
		}
	},
	{
		"__comment":"Bottom brick 1 row 1",
		"from":[0.002,-0.60,13],
		"to":[3,0,15.998],
		"faces": {
			"down":{"uv":	[0.01,0.01,2.99,2.99],"texture":"#main","cullface":"down"},
			"north":{"uv":	[0.01,2.01,2.99,2.99],"texture":"#main","cullface":"down","rotation":180},
			"south":{"uv":	[0.01,0.01,2.99,0.99],"texture":"#main","cullface":"down"},
			"west":{"uv":	[0.01,0.01,0.99,2.99],"texture":"#main","cullface":"down","rotation":90},
			"east":{"uv":	[2.01,0.01,2.99,2.99],"texture":"#main","cullface":"down","rotation":270}
		}
	},
	{
		"__comment":"Bottom brick 3 row 1",
		"from":[12,-0.60,13],
		"to":[15.998,0,15.998],
		"faces": {
			"down":{"uv":	[12.01,0.01,15.99,2.99],"texture":"#main","cullface":"down"},
			"north":{"uv":	[12.01,2.01,15.99,2.99],"texture":"#main","cullface":"down","rotation":180},
			"south":{"uv":	[12.01,0.01,15.99,0.99],"texture":"#main","cullface":"down"},
			"west":{"uv":	[12.01,0.01,12.99,2.99],"texture":"#main","cullface":"down","rotation":90},
			"east":{"uv":	[15.01,0.01,15.99,2.99],"texture":"#main","cullface":"down","rotation":270}
		}
	},
	{
		"__comment":"Bottom brick 1 row 3",
		"from":[0.002,-0.60,5],
		"to":[3,0,8.002],
		"faces": {
			"down":{"uv":	[0.01,8.01,2.99,10.99],"texture":"#main","cullface":"down"},
			"north":{"uv":	[0.01,10.01,2.99,10.99],"texture":"#main","cullface":"down","rotation":180},
			"south":{"uv":	[0.01,8.01,2.99,8.99],"texture":"#main","cullface":"down"},
			"west":{"uv":	[0.01,8.01,0.99,10.99],"texture":"#main","cullface":"down","rotation":90},
			"east":{"uv":	[2.01,8.01,2.99,10.99],"texture":"#main","cullface":"down","rotation":270}
		}
	},
	{
		"__comment":"Bottom brick 3 row 3",
		"from":[12,-0.60,5],
		"to":[15.998,0,8.002],
		"faces": {
			"down":{"uv":	[12.01,8.01,15.99,10.99],"texture":"#main","cullface":"down"},
			"north":{"uv":	[12.01,10.01,15.99,10.99],"texture":"#main","cullface":"down","rotation":180},
			"south":{"uv":	[12.01,8.01,15.99,8.99],"texture":"#main","cullface":"down"},
			"west":{"uv":	[12.01,8.01,12.99,10.99],"texture":"#main","cullface":"down","rotation":90},
			"east":{"uv":	[15.01,8.01,15.99,10.99],"texture":"#main","cullface":"down","rotation":270}
            }
        }
    ]
}