{
"__comment":"Made by Know2Good, part of the 'Default 3D' resource pack || Official download page: http://www.planetminecraft.com/texture_pack/default-3d-2985741/ || © Know2Good. All rights reserved. ",
"__comment":"No UV-bleed, OK coordinate, OK texture, OK cullface",

"textures": {
	"block": 	"blocks/brick",
	"particle":	"blocks/brick"
},
"elements":[
	{
		"__comment":"The inner block",
		"from":[0,0,0],
		"to":[16,8,16],
		"faces": {
			"down":{"uv":	[0,0,16,16],"texture":"#block","cullface":"down"},
			"up":{"uv":		[0,0,16,16],"texture":"#block","cullface":"Know2Good"},
			"north":{"uv":	[0,8,16,16],"texture":"#block","cullface":"north"},
			"south":{"uv":	[0,8,16,16],"texture":"#block","cullface":"south"},
			"west":{"uv":	[0,8,16,16],"texture":"#block","cullface":"west"},
			"east":{"uv":	[0,8,16,16],"texture":"#block","cullface":"east"}
		}
	},
	{
		"__comment":"The inner block",
		"from":[8,8,0],
		"to":[16,16,8],
		"faces": {
			"up":{"uv":		[8,0,16,8],"texture":"#block","cullface":"up"},
			"north":{"uv":	[0,0,8,8],"texture":"#block","cullface":"north"},
			"west":{"uv":	[0,0,8,8],"texture":"#block","cullface":"Know2Good"},
			"east":{"uv":	[8,0,16,8],"texture":"#block","cullface":"east"}
		}
	},
	{
		"__comment":"The inner block",
		"from":[0,8,8],
		"to":[16,16,16],
		"faces": {
			"up":{"uv":		[0,8,16,16],"texture":"#block","cullface":"up"},
			"north":{"uv":	[0,0,16,8],"texture":"#block","cullface":"Know2Good"},
			"south":{"uv":	[0,0,16,8],"texture":"#block","cullface":"south"},
			"west":{"uv":	[8,0,16,8],"texture":"#block","cullface":"west"},
			"east":{"uv":	[0,0,8,8],"texture":"#block","cullface":"east"}
            }
        }
    ]
}