{
"__comment":"Made by Know2Good, part of the 'Default 3D' resource pack || Official download page: http://www.planetminecraft.com/texture_pack/default-3d-2985741/ || © Know2Good. All rights reserved. ",
"__comment":"No UV-bleed, OK coordinate, OK texture, OK cullface",

"textures": {
	"block": 	"blocks/brick",
	"particle":	"blocks/brick"
},
"elements":[
	{
		"__comment":"The inner block",
		"from":[0,0,0],
		"to":[16,8,16],
		"faces": {
			"down":{"uv":	[0,0,16,16],"texture":"#block","cullface":"down"},
			"up":{"uv":		[0,0,16,16],"texture":"#block","cullface":"Know2Good"},
			"north":{"uv":	[0,8,16,16],"texture":"#block","cullface":"north"},
			"south":{"uv":	[0,8,16,16],"texture":"#block","cullface":"south"},
			"west":{"uv":	[0,8,16,16],"texture":"#block","cullface":"west"},
			"east":{"uv":	[0,8,16,16],"texture":"#block","cullface":"east"}
		}
	},
	{
		"__comment":"The inner block",
		"from":[0,8,0],
		"to":[16,16,8],
		"faces": {
			"up":{"uv":		[0,0,16,8],"texture":"#block","cullface":"up"},
			"north":{"uv":	[0,0,16,8],"texture":"#block","cullface":"north"},
			"south":{"uv":	[0,0,16,8],"texture":"#block","cullface":"Know2Good"},
			"west":{"uv":	[0,0,8,8],"texture":"#block","cullface":"west"},
			"east":{"uv":	[8,0,16,8],"texture":"#block","cullface":"east"}
		}
	},
	{
		"__comment":"The inner block",
		"from":[0,8,8],
		"to":[8,16,16],
		"faces": {
			"up":{"uv":		[0,8,8,16],"texture":"#block","cullface":"up"},
			"south":{"uv":	[0,0,8,8],"texture":"#block","cullface":"south"},
			"west":{"uv":	[8,0,16,8],"texture":"#block","cullface":"west"},
			"east":{"uv":	[0,0,8,8],"texture":"#block","cullface":"Know2Good"}
		}
	},
	{
		"__comment":"Top brick 1 row 1",
		"from":[0.002,16,0.002],
		"to":[3,16.40,3],
		"faces": {
			"up":{"uv":		[0.01,0.01,2.99,2.99],"texture":"#block","cullface":"up"},
			"north":{"uv":	[0.01,0.01,2.99,0.99],"texture":"#block","cullface":"up","rotation":180},
			"south":{"uv":	[0.01,2.01,2.99,2.99],"texture":"#block","cullface":"up"},
			"west":{"uv":	[0.01,0.01,0.99,2.99],"texture":"#block","cullface":"up","rotation":270},
			"east":{"uv":	[2.01,0.01,2.99,2.99],"texture":"#block","cullface":"up","rotation":90}
		}
	},
	{
		"__comment":"Top brick 2 row 1",
		"from":[4,16,0.002],
		"to":[11,16.70,3],
		"faces": {
			"up":{"uv":		[4.01,0.01,10.99,2.99],"texture":"#block","cullface":"up"},
			"north":{"uv":	[4.01,0.01,10.99,0.99],"texture":"#block","cullface":"up","rotation":180},
			"south":{"uv":	[4.01,2.01,10.99,2.99],"texture":"#block","cullface":"up"},
			"west":{"uv":	[4.01,0.01,4.99,2.99],"texture":"#block","cullface":"up","rotation":270},
			"east":{"uv":	[10.01,0.01,10.99,2.99],"texture":"#block","cullface":"up","rotation":90}
		}
	},
	{
		"__comment":"Top brick 3 row 1",
		"from":[12,16,0.002],
		"to":[15.998,16.40,3],
		"faces": {
			"up":{"uv":		[12.01,0.01,15.99,2.99],"texture":"#block","cullface":"up"},
			"north":{"uv":	[12.01,0.01,15.99,0.99],"texture":"#block","cullface":"up","rotation":180},
			"south":{"uv":	[12.01,2.01,15.99,2.99],"texture":"#block","cullface":"up"},
			"west":{"uv":	[12.01,0.01,12.99,2.99],"texture":"#block","cullface":"up","rotation":270},
			"east":{"uv":	[15.01,0.01,15.99,2.99],"texture":"#block","cullface":"up","rotation":90}
		}
	},
	{
		"__comment":"Top brick 1 row 2",
		"from":[0.002,16,4],
		"to":[7,16.40,7],
		"faces": {
			"up":{"uv":		[0.01,4.01,6.99,6.99],"texture":"#block","cullface":"up"},
			"north":{"uv":	[0.01,4.01,6.99,4.99],"texture":"#block","cullface":"up","rotation":180},
			"south":{"uv":	[0.01,6.01,6.99,6.99],"texture":"#block","cullface":"up"},
			"west":{"uv":	[0.01,4.01,0.99,6.99],"texture":"#block","cullface":"up","rotation":270},
			"east":{"uv":	[6.01,4.01,6.99,6.99],"texture":"#block","cullface":"up","rotation":90}
		}
	},
	{
		"__comment":"Top brick 2 row 2",
		"from":[8.002,16,4],
		"to":[15,16.70,7],
		"faces": {
			"up":{"uv":		[8.01,4.01,14.99,6.99],"texture":"#block","cullface":"up"},
			"north":{"uv":	[8.01,4.01,14.99,4.99],"texture":"#block","cullface":"up","rotation":180},
			"south":{"uv":	[8.01,6.01,14.99,6.99],"texture":"#block","cullface":"up"},
			"west":{"uv":	[8.01,4.01,8.99,6.99],"texture":"#block","cullface":"up","rotation":270},
			"east":{"uv":	[14.01,4.01,14.99,6.99],"texture":"#block","cullface":"up","rotation":90}
		}
	},
	{
		"__comment":"Top brick 1 row 3",
		"from":[0.002,16,8.002],
		"to":[3,16.40,11],
		"faces": {
			"up":{"uv":		[0.01,8.01,2.99,10.99],"texture":"#block","cullface":"up"},
			"north":{"uv":	[0.01,8.01,2.99,8.99],"texture":"#block","cullface":"up","rotation":180},
			"south":{"uv":	[0.01,10.01,2.99,10.99],"texture":"#block","cullface":"up"},
			"west":{"uv":	[0.01,8.01,0.99,10.99],"texture":"#block","cullface":"up","rotation":270},
			"east":{"uv":	[2.01,8.01,2.99,10.99],"texture":"#block","cullface":"up","rotation":90}
		}
	},
	{
		"__comment":"Top brick 2.1 row 3",
		"from":[4,16,8.002],
		"to":[7.998,16.70,11],
		"faces": {
			"up":{"uv":		[4.01,8.01,7.99,10.99],"texture":"#block","cullface":"up"},
			"north":{"uv":	[4.01,8.01,7.99,8.99],"texture":"#block","cullface":"up","rotation":180},
			"south":{"uv":	[4.01,10.01,7.99,10.99],"texture":"#block","cullface":"up"},
			"west":{"uv":	[4.01,8.01,4.99,10.99],"texture":"#block","cullface":"up","rotation":270},
			"east":{"uv":	[7.01,8.01,7.99,10.99],"texture":"#block","cullface":"up","rotation":90}
		}
	},
	{
		"__comment":"Top brick 2.2 row 3",
		"from":[8.002,8,8.002],
		"to":[11,8.70,11],
		"faces": {
			"up":{"uv":		[8.01,8.01,10.99,10.99],"texture":"#block","cullface":"Know2Good"},
			"north":{"uv":	[8.01,8.01,10.99,8.99],"texture":"#block","cullface":"Know2Good","rotation":180},
			"south":{"uv":	[8.01,10.01,10.99,10.99],"texture":"#block","cullface":"Know2Good"},
			"west":{"uv":	[8.01,8.01,8.99,10.99],"texture":"#block","cullface":"Know2Good","rotation":270},
			"east":{"uv":	[10.01,8.01,10.99,10.99],"texture":"#block","cullface":"Know2Good","rotation":90}
		}
	},
	{
		"__comment":"Top brick 3 row 3",
		"from":[12,8,8.002],
		"to":[15.998,8.40,11],
		"faces": {
			"up":{"uv":		[12.01,8.01,15.99,10.99],"texture":"#block","cullface":"Know2Good"},
			"north":{"uv":	[12.01,8.01,15.99,8.99],"texture":"#block","cullface":"Know2Good","rotation":180},
			"south":{"uv":	[12.01,10.01,15.99,10.99],"texture":"#block","cullface":"Know2Good"},
			"west":{"uv":	[12.01,8.01,12.99,10.99],"texture":"#block","cullface":"Know2Good","rotation":270},
			"east":{"uv":	[15.01,8.01,15.99,10.99],"texture":"#block","cullface":"Know2Good","rotation":90}
		}
	},
	{
		"__comment":"Top brick 1 row 4",
		"from":[0.002,16,12],
		"to":[7,16.70,15],
		"faces": {
			"up":{"uv":		[0.01,12.01,6.99,14.99],"texture":"#block","cullface":"up"},
			"north":{"uv":	[0.01,12.01,6.99,12.99],"texture":"#block","cullface":"up","rotation":180},
			"south":{"uv":	[0.01,14.01,6.99,14.99],"texture":"#block","cullface":"up"},
			"west":{"uv":	[0.01,12.01,0.99,14.99],"texture":"#block","cullface":"up","rotation":270},
			"east":{"uv":	[6.01,12.01,6.99,14.99],"texture":"#block","cullface":"up","rotation":90}
		}
	},
	{
		"__comment":"Top brick 2 row 4",
		"from":[8.002,8,12],
		"to":[15,8.40,15],
		"faces": {
			"up":{"uv":		[8.01,12.01,14.99,14.99],"texture":"#block","cullface":"Know2Good"},
			"north":{"uv":	[8.01,12.01,14.99,12.99],"texture":"#block","cullface":"Know2Good","rotation":180},
			"south":{"uv":	[8.01,14.01,14.99,14.99],"texture":"#block","cullface":"Know2Good"},
			"west":{"uv":	[8.01,12.01,8.99,14.99],"texture":"#block","cullface":"Know2Good","rotation":270},
			"east":{"uv":	[14.01,12.01,14.99,14.99],"texture":"#block","cullface":"Know2Good","rotation":90}
		}
	},
	{
		"__comment":"North brick 1 row 1",
		"from":[13,13,-0.60],
		"to":[15.998,15.998,0],
		"faces": {
			"up":{"uv":		[0.01,0.01,2.99,0.99],"texture":"#block","cullface":"north","rotation":180},
			"down":{"uv":	[0.01,2.01,2.99,2.99],"texture":"#block","cullface":"north","rotation":180},
			"north":{"uv":	[0.01,0.01,2.99,2.99],"texture":"#block","cullface":"north"},
			"west":{"uv":	[2.01,0.01,2.99,2.99],"texture":"#block","cullface":"north"},
			"east":{"uv":	[0.01,0.01,0.99,2.99],"texture":"#block","cullface":"north"}
		}
	},
	{
		"__comment":"North brick 2 row 1",
		"from":[5,13,-0.30],
		"to":[12,15.998,0],
		"faces": {
			"up":{"uv":		[4.01,0.01,10.99,0.99],"texture":"#block","cullface":"north","rotation":180},
			"down":{"uv":	[4.01,2.01,10.99,2.99],"texture":"#block","cullface":"north","rotation":180},
			"north":{"uv":	[4.01,0.01,10.99,2.99],"texture":"#block","cullface":"north"},
			"west":{"uv":	[10.01,0.01,10.99,2.99],"texture":"#block","cullface":"north"},
			"east":{"uv":	[4.01,0.01,4.99,2.99],"texture":"#block","cullface":"north"}
		}
	},
	{
		"__comment":"North brick 3 row 1",
		"from":[0.002,13,-0.60],
		"to":[4,15.998,0],
		"faces": {
			"up":{"uv":		[12.01,0.01,15.99,0.99],"texture":"#block","cullface":"north","rotation":180},
			"down":{"uv":	[12.01,2.01,15.99,2.99],"texture":"#block","cullface":"north","rotation":180},
			"north":{"uv":	[12.01,0.01,15.99,2.99],"texture":"#block","cullface":"north"},
			"west":{"uv":	[15.01,0.01,15.99,2.99],"texture":"#block","cullface":"north"},
			"east":{"uv":	[12.01,0.01,12.99,2.99],"texture":"#block","cullface":"north"}
		}
	},
	{
		"__comment":"North brick 1 row 2",
		"from":[9,9,-0.60],
		"to":[15.998,12,0],
		"faces": {
			"up":{"uv":		[0.01,4.01,6.99,4.99],"texture":"#block","cullface":"north","rotation":180},
			"down":{"uv":	[0.01,6.01,6.99,6.99],"texture":"#block","cullface":"north","rotation":180},
			"north":{"uv":	[0.01,4.01,6.99,6.99],"texture":"#block","cullface":"north"},
			"west":{"uv":	[6.01,4.01,6.99,6.99],"texture":"#block","cullface":"north"},
			"east":{"uv":	[0.01,4.01,0.99,6.99],"texture":"#block","cullface":"north"}
		}
	},
	{
		"__comment":"North brick 2 row 2",
		"from":[1,9,-0.30],
		"to":[7.998,12,0],
		"faces": {
			"up":{"uv":		[8.01,4.01,14.99,4.99],"texture":"#block","cullface":"north","rotation":180},
			"down":{"uv":	[8.01,6.01,14.99,6.99],"texture":"#block","cullface":"north","rotation":180},
			"north":{"uv":	[8.01,4.01,14.99,6.99],"texture":"#block","cullface":"north"},
			"west":{"uv":	[14.01,4.01,14.99,6.99],"texture":"#block","cullface":"north"},
			"east":{"uv":	[8.01,4.01,8.99,6.99],"texture":"#block","cullface":"north"}
		}
	},
	{
		"__comment":"North brick 1 row 3",
		"from":[13,5,-0.60],
		"to":[15.998,7.998,0],
		"faces": {
			"up":{"uv":		[0.01,8.01,2.99,8.99],"texture":"#block","cullface":"north","rotation":180},
			"down":{"uv":	[0.01,10.01,2.99,10.99],"texture":"#block","cullface":"north","rotation":180},
			"north":{"uv":	[0.01,8.01,2.99,10.99],"texture":"#block","cullface":"north"},
			"west":{"uv":	[2.01,8.01,2.99,10.99],"texture":"#block","cullface":"north"},
			"east":{"uv":	[0.01,8.01,0.99,10.99],"texture":"#block","cullface":"north"}
		}
	},
	{
		"__comment":"North brick 2 row 3",
		"from":[5,5,-0.30],
		"to":[12,7.998,0],
		"faces": {
			"up":{"uv":		[4.01,8.01,10.99,8.99],"texture":"#block","cullface":"north","rotation":180},
			"down":{"uv":	[4.01,10.01,10.99,10.99],"texture":"#block","cullface":"north","rotation":180},
			"north":{"uv":	[4.01,8.01,10.99,10.99],"texture":"#block","cullface":"north"},
			"west":{"uv":	[10.01,8.01,10.99,10.99],"texture":"#block","cullface":"north"},
			"east":{"uv":	[4.01,8.01,4.99,10.99],"texture":"#block","cullface":"north"}
		}
	},
	{
		"__comment":"North brick 3 row 3",
		"from":[0.002,5,-0.60],
		"to":[4,7.998,0],
		"faces": {
			"up":{"uv":		[12.01,8.01,15.99,8.99],"texture":"#block","cullface":"north","rotation":180},
			"down":{"uv":	[12.01,10.01,15.99,10.99],"texture":"#block","cullface":"north","rotation":180},
			"north":{"uv":	[12.01,8.01,15.99,10.99],"texture":"#block","cullface":"north"},
			"west":{"uv":	[15.01,8.01,15.99,10.99],"texture":"#block","cullface":"north"},
			"east":{"uv":	[12.01,8.01,12.99,10.99],"texture":"#block","cullface":"north"}
		}
	},
	{
		"__comment":"North brick 1 row 4",
		"from":[9,1,-0.30],
		"to":[15.998,4,0],
		"faces": {
			"up":{"uv":		[0.01,12.01,6.99,12.99],"texture":"#block","cullface":"north","rotation":180},
			"down":{"uv":	[0.01,14.01,6.99,14.99],"texture":"#block","cullface":"north","rotation":180},
			"north":{"uv":	[0.01,12.01,6.99,14.99],"texture":"#block","cullface":"north"},
			"west":{"uv":	[6.01,12.01,6.99,14.99],"texture":"#block","cullface":"north"},
			"east":{"uv":	[0.01,12.01,0.99,14.99],"texture":"#block","cullface":"north"}
		}
	},
	{
		"__comment":"North brick 2 row 4",
		"from":[1,1,-0.60],
		"to":[7.998,4,0],
		"faces": {
			"up":{"uv":		[8.01,12.01,14.99,12.99],"texture":"#block","cullface":"north","rotation":180},
			"down":{"uv":	[8.01,14.01,14.99,14.99],"texture":"#block","cullface":"north","rotation":180},
			"north":{"uv":	[8.01,12.01,14.99,14.99],"texture":"#block","cullface":"north"},
			"west":{"uv":	[14.01,12.01,14.99,14.99],"texture":"#block","cullface":"north"},
			"east":{"uv":	[8.01,12.01,8.99,14.99],"texture":"#block","cullface":"north"}
		}
	},
	{
		"__comment":"East brick 1 row 1",
		"from":[8,13,13],
		"to":[8.40,15.998,15.998],
		"faces": {
			"up":{"uv":		[0.01,0.01,2.99,0.99],"texture":"#block","cullface":"Know2Good","rotation":270},
			"down":{"uv":	[0.01,2.01,2.99,2.99],"texture":"#block","cullface":"Know2Good","rotation":90},
			"north":{"uv":	[2.01,0.01,2.99,2.99],"texture":"#block","cullface":"Know2Good"},
			"south":{"uv":	[0.01,0.01,0.99,2.99],"texture":"#block","cullface":"Know2Good"},
			"east":{"uv":	[0.01,0.01,2.99,2.99],"texture":"#block","cullface":"Know2Good"}
		}
	},
	{
		"__comment":"East brick 2.1 row 1",
		"from":[8,13,8.002],
		"to":[8.70,15.998,12],
		"faces": {
			"up":{"uv":		[4.01,0.01,7.99,0.99],"texture":"#block","cullface":"Know2Good","rotation":270},
			"down":{"uv":	[4.01,2.01,7.99,2.99],"texture":"#block","cullface":"Know2Good","rotation":90},
			"north":{"uv":	[7.01,0.01,7.99,2.99],"texture":"#block","cullface":"Know2Good"},
			"south":{"uv":	[4.01,0.01,4.99,2.99],"texture":"#block","cullface":"Know2Good"},
			"east":{"uv":	[4.01,0.01,7.99,2.99],"texture":"#block","cullface":"Know2Good"}
		}
	},
	{
		"__comment":"East brick 2.2 row 1",
		"from":[16,13,5],
		"to":[16.70,15.998,7.998],
		"faces": {
			"up":{"uv":		[8.01,0.01,10.99,0.99],"texture":"#block","cullface":"east","rotation":270},
			"down":{"uv":	[8.01,2.01,10.99,2.99],"texture":"#block","cullface":"east","rotation":90},
			"north":{"uv":	[10.01,0.01,10.99,2.99],"texture":"#block","cullface":"east"},
			"south":{"uv":	[8.01,0.01,8.99,2.99],"texture":"#block","cullface":"east"},
			"east":{"uv":	[8.01,0.01,10.99,2.99],"texture":"#block","cullface":"east"}
		}
	},
	{
		"__comment":"East brick 3 row 1",
		"from":[16,13,0.002],
		"to":[16.40,15.998,4],
		"faces": {
			"up":{"uv":		[12.01,0.01,15.99,0.99],"texture":"#block","cullface":"east","rotation":270},
			"down":{"uv":	[12.01,2.01,15.99,2.99],"texture":"#block","cullface":"east","rotation":90},
			"north":{"uv":	[15.01,0.01,15.99,2.99],"texture":"#block","cullface":"east"},
			"south":{"uv":	[12.01,0.01,12.99,2.99],"texture":"#block","cullface":"east"},
			"east":{"uv":	[12.01,0.01,15.99,2.99],"texture":"#block","cullface":"east"}
		}
	},
	{
		"__comment":"East brick 1 row 2",
		"from":[8,9,9],
		"to":[8.70,12,15.998],
		"faces": {
			"up":{"uv":		[0.01,4.01,6.99,4.99],"texture":"#block","cullface":"Know2Good","rotation":270},
			"down":{"uv":	[0.01,6.01,6.99,6.99],"texture":"#block","cullface":"Know2Good","rotation":90},
			"north":{"uv":	[6.01,4.01,6.99,6.99],"texture":"#block","cullface":"Know2Good"},
			"south":{"uv":	[0.01,4.01,0.99,6.99],"texture":"#block","cullface":"Know2Good"},
			"east":{"uv":	[0.01,4.01,6.99,6.99],"texture":"#block","cullface":"Know2Good"}
		}
	},
	{
		"__comment":"East brick 2 row 2",
		"from":[16,9,1],
		"to":[16.40,12,7.998],
		"faces": {
			"up":{"uv":		[8.01,4.01,14.99,4.99],"texture":"#block","cullface":"east","rotation":270},
			"down":{"uv":	[8.01,6.01,14.99,6.99],"texture":"#block","cullface":"east","rotation":90},
			"north":{"uv":	[14.01,4.01,14.99,6.99],"texture":"#block","cullface":"east"},
			"south":{"uv":	[8.01,4.01,8.99,6.99],"texture":"#block","cullface":"east"},
			"east":{"uv":	[8.01,4.01,14.99,6.99],"texture":"#block","cullface":"east"}
		}
	},
	{
		"__comment":"East brick 1 row 3",
		"from":[16,5,13],
		"to":[16.40,7.998,15.998],
		"faces": {
			"up":{"uv":		[0.01,8.01,2.99,8.99],"texture":"#block","cullface":"east","rotation":270},
			"down":{"uv":	[0.01,10.01,2.99,10.99],"texture":"#block","cullface":"east","rotation":90},
			"north":{"uv":	[2.01,8.01,2.99,10.99],"texture":"#block","cullface":"east"},
			"south":{"uv":	[0.01,8.01,0.99,10.99],"texture":"#block","cullface":"east"},
			"east":{"uv":	[0.01,8.01,2.99,10.99],"texture":"#block","cullface":"east"}
		}
	},
	{
		"__comment":"East brick 2 row 3",
		"from":[16,5,5],
		"to":[16.70,7.998,12],
		"faces": {
			"up":{"uv":		[4.01,8.01,10.99,8.99],"texture":"#block","cullface":"east","rotation":270},
			"down":{"uv":	[4.01,10.01,10.99,10.99],"texture":"#block","cullface":"east","rotation":90},
			"north":{"uv":	[10.01,8.01,10.99,10.99],"texture":"#block","cullface":"east"},
			"south":{"uv":	[4.01,8.01,4.99,10.99],"texture":"#block","cullface":"east"},
			"east":{"uv":	[4.01,8.01,10.99,10.99],"texture":"#block","cullface":"east"}
		}
	},
	{
		"__comment":"East brick 3 row 3",
		"from":[16,5,0.002],
		"to":[16.40,7.998,4],
		"faces": {
			"up":{"uv":		[12.01,8.01,15.99,8.99],"texture":"#block","cullface":"east","rotation":270},
			"down":{"uv":	[12.01,10.01,15.99,10.99],"texture":"#block","cullface":"east","rotation":90},
			"north":{"uv":	[15.01,8.01,15.99,10.99],"texture":"#block","cullface":"east"},
			"south":{"uv":	[12.01,8.01,12.99,10.99],"texture":"#block","cullface":"east"},
			"east":{"uv":	[12.01,8.01,15.99,10.99],"texture":"#block","cullface":"east"}
		}
	},
	{
		"__comment":"East brick 1 row 4",
		"from":[16,1,9],
		"to":[16.40,4,15.998],
		"faces": {
			"up":{"uv":		[0.01,12.01,6.99,12.99],"texture":"#block","cullface":"east","rotation":270},
			"down":{"uv":	[0.01,14.01,6.99,14.99],"texture":"#block","cullface":"east","rotation":90},
			"north":{"uv":	[6.01,12.01,6.99,14.99],"texture":"#block","cullface":"east"},
			"south":{"uv":	[0.01,12.01,0.99,14.99],"texture":"#block","cullface":"east"},
			"east":{"uv":	[0.01,12.01,6.99,14.99],"texture":"#block","cullface":"east"}
		}
	},
	{
		"__comment":"East brick 2 row 4",
		"from":[16,1,1],
		"to":[16.70,4,7.998],
		"faces": {
			"up":{"uv":		[8.01,12.01,14.99,12.99],"texture":"#block","cullface":"east","rotation":270},
			"down":{"uv":	[8.01,14.01,14.99,14.99],"texture":"#block","cullface":"east","rotation":90},
			"north":{"uv":	[14.01,12.01,14.99,14.99],"texture":"#block","cullface":"east"},
			"south":{"uv":	[8.01,12.01,8.99,14.99],"texture":"#block","cullface":"east"},
			"east":{"uv":	[8.01,12.01,14.99,14.99],"texture":"#block","cullface":"east"}
		}
	},
	{
		"__comment":"South brick 1 row 1",
		"from":[0.002,13,16],
		"to":[3,15.998,16.40],
		"faces": {
			"up":{"uv":		[0.01,0.01,2.99,0.99],"texture":"#block","cullface":"south"},
			"down":{"uv":	[0.01,2.01,2.99,2.99],"texture":"#block","cullface":"south"},
			"south":{"uv":	[0.01,0.01,2.99,2.99],"texture":"#block","cullface":"south"},
			"west":{"uv":	[0.01,0.01,0.99,2.99],"texture":"#block","cullface":"south"},
			"east":{"uv":	[2.01,0.01,2.99,2.99],"texture":"#block","cullface":"south"}
		}
	},
	{
		"__comment":"South brick 2.1 row 1",
		"from":[4,13,16],
		"to":[7.998,15.998,16.70],
		"faces": {
			"up":{"uv":		[4.01,0.01,7.99,0.99],"texture":"#block","cullface":"south"},
			"down":{"uv":	[4.01,2.01,7.99,2.99],"texture":"#block","cullface":"south"},
			"south":{"uv":	[4.01,0.01,7.99,2.99],"texture":"#block","cullface":"south"},
			"west":{"uv":	[4.01,0.01,4.99,2.99],"texture":"#block","cullface":"south"},
			"east":{"uv":	[7.01,0.01,7.99,2.99],"texture":"#block","cullface":"south"}
		}
	},
	{
		"__comment":"South brick 2.2 row 1",
		"from":[8.002,13,8],
		"to":[11,15.998,8.70],
		"faces": {
			"up":{"uv":		[8.01,0.01,10.99,0.99],"texture":"#block","cullface":"Know2Good"},
			"down":{"uv":	[8.01,2.01,10.99,2.99],"texture":"#block","cullface":"Know2Good"},
			"south":{"uv":	[8.01,0.01,10.99,2.99],"texture":"#block","cullface":"Know2Good"},
			"west":{"uv":	[8.01,0.01,8.99,2.99],"texture":"#block","cullface":"Know2Good"},
			"east":{"uv":	[10.01,0.01,10.99,2.99],"texture":"#block","cullface":"Know2Good"}
		}
	},
	{
		"__comment":"South brick 3 row 1",
		"from":[12,13,8],
		"to":[15.998,15.998,8.40],
		"faces": {
			"up":{"uv":		[12.01,0.01,15.99,0.99],"texture":"#block","cullface":"Know2Good"},
			"down":{"uv":	[12.01,2.01,15.99,2.99],"texture":"#block","cullface":"Know2Good"},
			"south":{"uv":	[12.01,0.01,15.99,2.99],"texture":"#block","cullface":"Know2Good"},
			"west":{"uv":	[12.01,0.01,12.99,2.99],"texture":"#block","cullface":"Know2Good"},
			"east":{"uv":	[15.01,0.01,15.99,2.99],"texture":"#block","cullface":"Know2Good"}
		}
	},
	{
		"__comment":"South brick 1 row 2",
		"from":[0.002,9,16],
		"to":[7,12,16.70],
		"faces": {
			"up":{"uv":		[0.01,4.01,6.99,4.99],"texture":"#block","cullface":"south"},
			"down":{"uv":	[0.01,6.01,6.99,6.99],"texture":"#block","cullface":"south"},
			"south":{"uv":	[0.01,4.01,6.99,6.99],"texture":"#block","cullface":"south"},
			"west":{"uv":	[0.01,4.01,0.99,6.99],"texture":"#block","cullface":"south"},
			"east":{"uv":	[6.01,4.01,6.99,6.99],"texture":"#block","cullface":"south"}
		}
	},
	{
		"__comment":"South brick 2 row 2",
		"from":[8.002,9,8],
		"to":[15,12,8.40],
		"faces": {
			"up":{"uv":		[8.01,4.01,14.99,4.99],"texture":"#block","cullface":"Know2Good"},
			"down":{"uv":	[8.01,6.01,14.99,6.99],"texture":"#block","cullface":"Know2Good"},
			"south":{"uv":	[8.01,4.01,14.99,6.99],"texture":"#block","cullface":"Know2Good"},
			"west":{"uv":	[8.01,4.01,8.99,6.99],"texture":"#block","cullface":"Know2Good"},
			"east":{"uv":	[14.01,4.01,14.99,6.99],"texture":"#block","cullface":"Know2Good"}
		}
	},
	{
		"__comment":"South brick 1 row 3",
		"from":[0.002,5,16],
		"to":[3,7.998,16.40],
		"faces": {
			"up":{"uv":		[0.01,8.01,2.99,8.99],"texture":"#block","cullface":"south"},
			"down":{"uv":	[0.01,10.01,2.99,10.99],"texture":"#block","cullface":"south"},
			"south":{"uv":	[0.01,8.01,2.99,10.99],"texture":"#block","cullface":"south"},
			"west":{"uv":	[0.01,8.01,0.99,10.99],"texture":"#block","cullface":"south"},
			"east":{"uv":	[2.01,8.01,2.99,10.99],"texture":"#block","cullface":"south"}
		}
	},
	{
		"__comment":"South brick 2 row 3",
		"from":[4,5,16],
		"to":[11,7.998,16.70],
		"faces": {
			"up":{"uv":		[4.01,8.01,10.99,8.99],"texture":"#block","cullface":"south"},
			"down":{"uv":	[4.01,10.01,10.99,10.99],"texture":"#block","cullface":"south"},
			"south":{"uv":	[4.01,8.01,10.99,10.99],"texture":"#block","cullface":"south"},
			"west":{"uv":	[4.01,8.01,4.99,10.99],"texture":"#block","cullface":"south"},
			"east":{"uv":	[10.01,8.01,10.99,10.99],"texture":"#block","cullface":"south"}
		}
	},
	{
		"__comment":"South brick 3 row 3",
		"from":[12,5,16],
		"to":[15.998,7.998,16.40],
		"faces": {
			"up":{"uv":		[12.01,8.01,15.99,8.99],"texture":"#block","cullface":"south"},
			"down":{"uv":	[12.01,10.01,15.99,10.99],"texture":"#block","cullface":"south"},
			"south":{"uv":	[12.01,8.01,15.99,10.99],"texture":"#block","cullface":"south"},
			"west":{"uv":	[12.01,8.01,12.99,10.99],"texture":"#block","cullface":"south"},
			"east":{"uv":	[15.01,8.01,15.99,10.99],"texture":"#block","cullface":"south"}
		}
	},
	{
		"__comment":"South brick 1 row 4",
		"from":[0.002,1,16],
		"to":[7,4,16.40],
		"faces": {
			"up":{"uv":		[0.01,12.01,6.99,12.99],"texture":"#block","cullface":"south"},
			"down":{"uv":	[0.01,14.01,6.99,14.99],"texture":"#block","cullface":"south"},
			"south":{"uv":	[0.01,12.01,6.99,14.99],"texture":"#block","cullface":"south"},
			"west":{"uv":	[0.01,12.01,0.99,14.99],"texture":"#block","cullface":"south"},
			"east":{"uv":	[6.01,12.01,6.99,14.99],"texture":"#block","cullface":"south"}
		}
	},
	{
		"__comment":"South brick 2 row 4",
		"from":[8.002,1,16],
		"to":[15,4,16.70],
		"faces": {
			"up":{"uv":		[8.01,12.01,14.99,12.99],"texture":"#block","cullface":"south"},
			"down":{"uv":	[8.01,14.01,14.99,14.99],"texture":"#block","cullface":"south"},
			"south":{"uv":	[8.01,12.01,14.99,14.99],"texture":"#block","cullface":"south"},
			"west":{"uv":	[8.01,12.01,8.99,14.99],"texture":"#block","cullface":"south"},
			"east":{"uv":	[14.01,12.01,14.99,14.99],"texture":"#block","cullface":"south"}
		}
	},
	{
		"__comment":"West brick 1 row 1",
		"from":[-0.60,13,0.002],
		"to":[0,15.998,3],
		"faces": {
			"up":{"uv":		[0.01,0.01,2.99,0.99],"texture":"#block","cullface":"west","rotation":90},
			"down":{"uv":	[0.01,2.01,2.99,2.99],"texture":"#block","cullface":"west","rotation":270},
			"north":{"uv":	[0.01,0.01,0.99,2.99],"texture":"#block","cullface":"west"},
			"south":{"uv":	[2.01,0.01,2.99,2.99],"texture":"#block","cullface":"west"},
			"west":{"uv":	[0.01,0.01,2.99,2.99],"texture":"#block","cullface":"west"}
		}
	},
	{
		"__comment":"West brick 2 row 1",
		"from":[-0.30,13,4],
		"to":[0,15.998,11],
		"faces": {
			"up":{"uv":		[4.01,0.01,10.99,0.99],"texture":"#block","cullface":"west","rotation":90},
			"down":{"uv":	[4.01,2.01,10.99,2.99],"texture":"#block","cullface":"west","rotation":270},
			"north":{"uv":	[4.01,0.01,4.99,2.99],"texture":"#block","cullface":"west"},
			"south":{"uv":	[10.01,0.01,10.99,2.99],"texture":"#block","cullface":"west"},
			"west":{"uv":	[4.01,0.01,10.99,2.99],"texture":"#block","cullface":"west"}
		}
	},
	{
		"__comment":"West brick 3 row 1",
		"from":[-0.60,13,12],
		"to":[0,15.998,15.998],
		"faces": {
			"up":{"uv":		[12.01,0.01,15.99,0.99],"texture":"#block","cullface":"west","rotation":90},
			"down":{"uv":	[12.01,2.01,15.99,2.99],"texture":"#block","cullface":"west","rotation":270},
			"north":{"uv":	[12.01,0.01,12.99,2.99],"texture":"#block","cullface":"west"},
			"south":{"uv":	[15.01,0.01,15.99,2.99],"texture":"#block","cullface":"west"},
			"west":{"uv":	[12.01,0.01,15.99,2.99],"texture":"#block","cullface":"west"}
		}
	},
	{
		"__comment":"West brick 1 row 2",
		"from":[-0.30,9,0.002],
		"to":[0,12,7],
		"faces": {
			"up":{"uv":		[0.01,4.01,6.99,4.99],"texture":"#block","cullface":"west","rotation":90},
			"down":{"uv":	[0.01,6.01,6.99,6.99],"texture":"#block","cullface":"west","rotation":270},
			"north":{"uv":	[0.01,4.01,0.99,6.99],"texture":"#block","cullface":"west"},
			"south":{"uv":	[6.01,4.01,6.99,6.99],"texture":"#block","cullface":"west"},
			"west":{"uv":	[0.01,4.01,6.99,6.99],"texture":"#block","cullface":"west"}
		}
	},
	{
		"__comment":"West brick 2 row 2",
		"from":[-0.60,9,8.002],
		"to":[0,12,15],
		"faces": {
			"up":{"uv":		[8.01,4.01,14.99,4.99],"texture":"#block","cullface":"west","rotation":90},
			"down":{"uv":	[8.01,6.01,14.99,6.99],"texture":"#block","cullface":"west","rotation":270},
			"north":{"uv":	[8.01,4.01,8.99,6.99],"texture":"#block","cullface":"west"},
			"south":{"uv":	[14.01,4.01,14.99,6.99],"texture":"#block","cullface":"west"},
			"west":{"uv":	[8.01,4.01,14.99,6.99],"texture":"#block","cullface":"west"}
		}
	},
	{
		"__comment":"West brick 1 row 3",
		"from":[-0.60,5,0.002],
		"to":[0,7.998,3],
		"faces": {
			"up":{"uv":		[0.01,8.01,2.99,8.99],"texture":"#block","cullface":"west","rotation":90},
			"down":{"uv":	[0.01,10.01,2.99,10.99],"texture":"#block","cullface":"west","rotation":270},
			"north":{"uv":	[0.01,8.01,0.99,10.99],"texture":"#block","cullface":"west"},
			"south":{"uv":	[2.01,8.01,2.99,10.99],"texture":"#block","cullface":"west"},
			"west":{"uv":	[0.01,8.01,2.99,10.99],"texture":"#block","cullface":"west"}
		}
	},
	{
		"__comment":"West brick 2 row 3",
		"from":[-0.30,5,4],
		"to":[0,7.998,11],
		"faces": {
			"up":{"uv":		[4.01,8.01,10.99,8.99],"texture":"#block","cullface":"west","rotation":90},
			"down":{"uv":	[4.01,10.01,10.99,10.99],"texture":"#block","cullface":"west","rotation":270},
			"north":{"uv":	[4.01,8.01,4.99,10.99],"texture":"#block","cullface":"west"},
			"south":{"uv":	[10.01,8.01,10.99,10.99],"texture":"#block","cullface":"west"},
			"west":{"uv":	[4.01,8.01,10.99,10.99],"texture":"#block","cullface":"west"}
		}
	},
	{
		"__comment":"West brick 3 row 3",
		"from":[-0.60,5,12],
		"to":[0,7.998,15.998],
		"faces": {
			"up":{"uv":		[12.01,8.01,15.99,8.99],"texture":"#block","cullface":"west","rotation":90},
			"down":{"uv":	[12.01,10.01,15.99,10.99],"texture":"#block","cullface":"west","rotation":270},
			"north":{"uv":	[12.01,8.01,12.99,10.99],"texture":"#block","cullface":"west"},
			"south":{"uv":	[15.01,8.01,15.99,10.99],"texture":"#block","cullface":"west"},
			"west":{"uv":	[12.01,8.01,15.99,10.99],"texture":"#block","cullface":"west"}
		}
	},
	{
		"__comment":"West brick 1 row 4",
		"from":[-0.60,1,0.002],
		"to":[0,4,7],
		"faces": {
			"up":{"uv":		[0.01,12.01,6.99,12.99],"texture":"#block","cullface":"west","rotation":90},
			"down":{"uv":	[0.01,14.01,6.99,14.99],"texture":"#block","cullface":"west","rotation":270},
			"north":{"uv":	[0.01,12.01,0.99,14.99],"texture":"#block","cullface":"west"},
			"south":{"uv":	[6.01,12.01,6.99,14.99],"texture":"#block","cullface":"west"},
			"west":{"uv":	[0.01,12.01,6.99,14.99],"texture":"#block","cullface":"west"}
		}
	},
	{
		"__comment":"West brick 2 row 4",
		"from":[-0.30,1,8.002],
		"to":[0,4,15],
		"faces": {
			"up":{"uv":		[8.01,12.01,14.99,12.99],"texture":"#block","cullface":"west","rotation":90},
			"down":{"uv":	[8.01,14.01,14.99,14.99],"texture":"#block","cullface":"west","rotation":270},
			"north":{"uv":	[8.01,12.01,8.99,14.99],"texture":"#block","cullface":"west"},
			"south":{"uv":	[14.01,12.01,14.99,14.99],"texture":"#block","cullface":"west"},
			"west":{"uv":	[8.01,12.01,14.99,14.99],"texture":"#block","cullface":"west"}
		}
	},
	{
		"__comment":"Bottom brick 1 row 1",
		"from":[0.002,-0.60,13],
		"to":[3,0,15.998],
		"faces": {
			"down":{"uv":	[0.01,0.01,2.99,2.99],"texture":"#block","cullface":"down"},
			"north":{"uv":	[0.01,2.01,2.99,2.99],"texture":"#block","cullface":"down","rotation":180},
			"south":{"uv":	[0.01,0.01,2.99,0.99],"texture":"#block","cullface":"down"},
			"west":{"uv":	[0.01,0.01,0.99,2.99],"texture":"#block","cullface":"down","rotation":90},
			"east":{"uv":	[2.01,0.01,2.99,2.99],"texture":"#block","cullface":"down","rotation":270}
		}
	},
	{
		"__comment":"Bottom brick 2 row 1",
		"from":[4,-0.30,13],
		"to":[11,0,15.998],
		"faces": {
			"down":{"uv":	[4.01,0.01,10.99,2.99],"texture":"#block","cullface":"down"},
			"north":{"uv":	[4.01,2.01,10.99,2.99],"texture":"#block","cullface":"down","rotation":180},
			"south":{"uv":	[4.01,0.01,10.99,0.99],"texture":"#block","cullface":"down"},
			"west":{"uv":	[4.01,0.01,4.99,2.99],"texture":"#block","cullface":"down","rotation":90},
			"east":{"uv":	[10.01,0.01,10.99,2.99],"texture":"#block","cullface":"down","rotation":270}
		}
	},
	{
		"__comment":"Bottom brick 3 row 1",
		"from":[12,-0.60,13],
		"to":[15.998,0,15.998],
		"faces": {
			"down":{"uv":	[12.01,0.01,15.99,2.99],"texture":"#block","cullface":"down"},
			"north":{"uv":	[12.01,2.01,15.99,2.99],"texture":"#block","cullface":"down","rotation":180},
			"south":{"uv":	[12.01,0.01,15.99,0.99],"texture":"#block","cullface":"down"},
			"west":{"uv":	[12.01,0.01,12.99,2.99],"texture":"#block","cullface":"down","rotation":90},
			"east":{"uv":	[15.01,0.01,15.99,2.99],"texture":"#block","cullface":"down","rotation":270}
		}
	},
	{
		"__comment":"Bottom brick 1 row 2",
		"from":[0.002,-0.30,9],
		"to":[7,0,12],
		"faces": {
			"down":{"uv":	[0.01,4.01,6.99,6.99],"texture":"#block","cullface":"down"},
			"north":{"uv":	[0.01,6.01,6.99,6.99],"texture":"#block","cullface":"down","rotation":180},
			"south":{"uv":	[0.01,4.01,6.99,4.99],"texture":"#block","cullface":"down"},
			"west":{"uv":	[0.01,4.01,0.99,6.99],"texture":"#block","cullface":"down","rotation":90},
			"east":{"uv":	[6.01,4.01,6.99,6.99],"texture":"#block","cullface":"down","rotation":270}
		}
	},
	{
		"__comment":"Bottom brick 2 row 2",
		"from":[8.002,-0.60,9],
		"to":[15,0,12],
		"faces": {
			"down":{"uv":	[8.01,4.01,14.99,6.99],"texture":"#block","cullface":"down"},
			"north":{"uv":	[8.01,6.01,14.99,6.99],"texture":"#block","cullface":"down","rotation":180},
			"south":{"uv":	[8.01,4.01,14.99,4.99],"texture":"#block","cullface":"down"},
			"west":{"uv":	[8.01,4.01,8.99,6.99],"texture":"#block","cullface":"down","rotation":90},
			"east":{"uv":	[14.01,4.01,14.99,6.99],"texture":"#block","cullface":"down","rotation":270}
		}
	},
	{
		"__comment":"Bottom brick 1 row 3",
		"from":[0.002,-0.60,5],
		"to":[3,0,8.002],
		"faces": {
			"down":{"uv":	[0.01,8.01,2.99,10.99],"texture":"#block","cullface":"down"},
			"north":{"uv":	[0.01,10.01,2.99,10.99],"texture":"#block","cullface":"down","rotation":180},
			"south":{"uv":	[0.01,8.01,2.99,8.99],"texture":"#block","cullface":"down"},
			"west":{"uv":	[0.01,8.01,0.99,10.99],"texture":"#block","cullface":"down","rotation":90},
			"east":{"uv":	[2.01,8.01,2.99,10.99],"texture":"#block","cullface":"down","rotation":270}
		}
	},
	{
		"__comment":"Bottom brick 2 row 3",
		"from":[4,-0.30,5],
		"to":[11,0,8.002],
		"faces": {
			"down":{"uv":	[4.01,8.01,10.99,10.99],"texture":"#block","cullface":"down"},
			"north":{"uv":	[4.01,10.01,10.99,10.99],"texture":"#block","cullface":"down","rotation":180},
			"south":{"uv":	[4.01,8.01,10.99,8.99],"texture":"#block","cullface":"down"},
			"west":{"uv":	[4.01,8.01,4.99,10.99],"texture":"#block","cullface":"down","rotation":90},
			"east":{"uv":	[10.01,8.01,10.99,10.99],"texture":"#block","cullface":"down","rotation":270}
		}
	},
	{
		"__comment":"Bottom brick 3 row 3",
		"from":[12,-0.60,5],
		"to":[15.998,0,8.002],
		"faces": {
			"down":{"uv":	[12.01,8.01,15.99,10.99],"texture":"#block","cullface":"down"},
			"north":{"uv":	[12.01,10.01,15.99,10.99],"texture":"#block","cullface":"down","rotation":180},
			"south":{"uv":	[12.01,8.01,15.99,8.99],"texture":"#block","cullface":"down"},
			"west":{"uv":	[12.01,8.01,12.99,10.99],"texture":"#block","cullface":"down","rotation":90},
			"east":{"uv":	[15.01,8.01,15.99,10.99],"texture":"#block","cullface":"down","rotation":270}
		}
	},
	{
		"__comment":"Bottom brick 1 row 4",
		"from":[0.002,-0.60,1],
		"to":[7,0,4],
		"faces": {
			"down":{"uv":	[0.01,12.01,6.99,14.99],"texture":"#block","cullface":"down"},
			"north":{"uv":	[0.01,14.01,6.99,14.99],"texture":"#block","cullface":"down","rotation":180},
			"south":{"uv":	[0.01,12.01,6.99,12.99],"texture":"#block","cullface":"down"},
			"west":{"uv":	[0.01,12.01,0.99,14.99],"texture":"#block","cullface":"down","rotation":90},
			"east":{"uv":	[6.01,12.01,6.99,14.99],"texture":"#block","cullface":"down","rotation":270}
		}
	},
	{
		"__comment":"Bottom brick 2 row 4",
		"from":[8.002,-0.30,1],
		"to":[15,0,4],
		"faces": {
			"down":{"uv":	[8.01,12.01,14.99,14.99],"texture":"#block","cullface":"down"},
			"north":{"uv":	[8.01,14.01,14.99,14.99],"texture":"#block","cullface":"down","rotation":180},
			"south":{"uv":	[8.01,12.01,14.99,12.99],"texture":"#block","cullface":"down"},
			"west":{"uv":	[8.01,12.01,8.99,14.99],"texture":"#block","cullface":"down","rotation":90},
			"east":{"uv":	[14.01,12.01,14.99,14.99],"texture":"#block","cullface":"down","rotation":270}
            }
        }
    ]
}